uppercase_file,lowercase_file,action,keep_file,delete_file,reason,uppercase_time,lowercase_time,uppercase_size,lowercase_size,size_diff
docs/htm/L6/XF394.HTM,docs/htm/L6/XF394.htm,keep_lowercase,docs/htm/L6/XF394.htm,docs/htm/L6/XF394.HTM,lowercase newer (2025-09-23 17:13:35.911405 vs 2025-09-23 10:31:40.923077),2025-09-23T10:31:40.923077,2025-09-23T17:13:35.911405,3688,3482,206
docs/htm/L6/XF2974.HTM,docs/htm/L6/XF2974.htm,keep_lowercase,docs/htm/L6/XF2974.htm,docs/htm/L6/XF2974.HTM,lowercase newer (2025-09-23 17:13:35.911405 vs 2025-09-23 10:31:40.923077),2025-09-23T10:31:40.923077,2025-09-23T17:13:35.911405,3750,3544,206
docs/htm/L6/XF395.HTM,docs/htm/L6/XF395.htm,keep_lowercase,docs/htm/L6/XF395.htm,docs/htm/L6/XF395.HTM,lowercase newer (2025-09-23 17:13:35.911405 vs 2025-09-23 10:31:40.923077),2025-09-23T10:31:40.923077,2025-09-23T17:13:35.911405,3835,3670,165
docs/htm/L6/XF2975.HTM,docs/htm/L6/XF2975.htm,keep_lowercase,docs/htm/L6/XF2975.htm,docs/htm/L6/XF2975.HTM,lowercase newer (2025-09-23 17:13:35.911405 vs 2025-09-23 10:31:40.923077),2025-09-23T10:31:40.923077,2025-09-23T17:13:35.911405,3655,3490,165
docs/htm/L6/XF393.HTM,docs/htm/L6/XF393.htm,keep_lowercase,docs/htm/L6/XF393.htm,docs/htm/L6/XF393.HTM,lowercase newer (2025-09-23 17:13:35.911405 vs 2025-09-23 10:31:40.923077),2025-09-23T10:31:40.923077,2025-09-23T17:13:35.911405,3834,3669,165
docs/htm/L6/XF1832.HTM,docs/htm/L6/XF1832.htm,keep_lowercase,docs/htm/L6/XF1832.htm,docs/htm/L6/XF1832.HTM,lowercase newer (2025-09-23 17:13:35.907309 vs 2025-09-23 10:31:40.919199),2025-09-23T10:31:40.919199,2025-09-23T17:13:35.907309,3644,3479,165
docs/htm/L6/XF1029.HTM,docs/htm/L6/XF1029.htm,keep_lowercase,docs/htm/L6/XF1029.htm,docs/htm/L6/XF1029.HTM,lowercase newer (2025-09-23 17:13:35.903213 vs 2025-09-23 10:31:40.915321),2025-09-23T10:31:40.915321,2025-09-23T17:13:35.903213,3724,3477,247
docs/htm/L6/XF396.HTM,docs/htm/L6/XF396.htm,keep_lowercase,docs/htm/L6/XF396.htm,docs/htm/L6/XF396.HTM,lowercase newer (2025-09-23 17:13:35.911405 vs 2025-09-23 10:31:40.923077),2025-09-23T10:31:40.923077,2025-09-23T17:13:35.911405,4065,3941,124
docs/htm/L3/XF2989.HTM,docs/htm/L3/XF2989.htm,keep_lowercase,docs/htm/L3/XF2989.htm,docs/htm/L3/XF2989.HTM,lowercase newer (2025-09-23 17:13:35.854059 vs 2025-09-23 10:31:40.899808),2025-09-23T10:31:40.899808,2025-09-23T17:13:35.854059,3705,3540,165
docs/htm/L3/XF2976.HTM,docs/htm/L3/XF2976.htm,keep_lowercase,docs/htm/L3/XF2976.htm,docs/htm/L3/XF2976.HTM,lowercase newer (2025-09-23 17:13:35.854059 vs 2025-09-23 10:31:40.899808),2025-09-23T10:31:40.899808,2025-09-23T17:13:35.854059,3688,3482,206
docs/htm/L3/XF2977.HTM,docs/htm/L3/XF2977.htm,keep_lowercase,docs/htm/L3/XF2977.htm,docs/htm/L3/XF2977.HTM,lowercase newer (2025-09-23 17:13:35.854059 vs 2025-09-23 10:31:40.899808),2025-09-23T10:31:40.899808,2025-09-23T17:13:35.854059,3641,3476,165
docs/htm/L3/XI2652.HTM,docs/htm/L3/XI2652.htm,keep_lowercase,docs/htm/L3/XI2652.htm,docs/htm/L3/XI2652.HTM,lowercase newer (2025-09-23 17:13:35.858155 vs 2025-09-23 10:31:40.903686),2025-09-23T10:31:40.903686,2025-09-23T17:13:35.858155,2894,2770,124
docs/htm/L3/XI2653.HTM,docs/htm/L3/XI2653.htm,keep_lowercase,docs/htm/L3/XI2653.htm,docs/htm/L3/XI2653.HTM,lowercase newer (2025-09-23 17:13:35.858155 vs 2025-09-23 10:31:40.903686),2025-09-23T10:31:40.903686,2025-09-23T17:13:35.858155,2876,2752,124
docs/htm/L1/XF1782.HTM,docs/htm/L1/XF1782.htm,keep_lowercase,docs/htm/L1/XF1782.htm,docs/htm/L1/XF1782.HTM,lowercase newer (2025-09-23 17:13:35.722981 vs 2025-09-23 10:31:40.698145),2025-09-23T10:31:40.698145,2025-09-23T17:13:35.722981,3762,3638,124
docs/htm/L1/XI2612.HTM,docs/htm/L1/XI2612.htm,keep_lowercase,docs/htm/L1/XI2612.htm,docs/htm/L1/XI2612.HTM,lowercase newer (2025-09-23 17:13:35.784424 vs 2025-09-23 10:31:40.806733),2025-09-23T10:31:40.806733,2025-09-23T17:13:35.784424,2583,2295,288
docs/htm/L1/XI2696.HTM,docs/htm/L1/XI2696.htm,keep_lowercase,docs/htm/L1/XI2696.htm,docs/htm/L1/XI2696.HTM,lowercase newer (2025-09-23 17:13:35.788520 vs 2025-09-23 10:31:40.810611),2025-09-23T10:31:40.810611,2025-09-23T17:13:35.788520,2521,2151,370
docs/htm/L1/XI2703.HTM,docs/htm/L1/XI2703.htm,keep_lowercase,docs/htm/L1/XI2703.htm,docs/htm/L1/XI2703.HTM,lowercase newer (2025-09-23 17:13:35.788520 vs 2025-09-23 10:31:40.810611),2025-09-23T10:31:40.810611,2025-09-23T17:13:35.788520,2538,2209,329
docs/htm/L1/XI2629.HTM,docs/htm/L1/XI2629.htm,keep_lowercase,docs/htm/L1/XI2629.htm,docs/htm/L1/XI2629.HTM,lowercase newer (2025-09-23 17:13:35.784424 vs 2025-09-23 10:31:40.806733),2025-09-23T10:31:40.806733,2025-09-23T17:13:35.784424,2466,2096,370
docs/htm/L1/XI2649.HTM,docs/htm/L1/XI2649.htm,keep_lowercase,docs/htm/L1/XI2649.htm,docs/htm/L1/XI2649.HTM,lowercase newer (2025-09-23 17:13:35.784424 vs 2025-09-23 10:31:40.806733),2025-09-23T10:31:40.806733,2025-09-23T17:13:35.784424,2562,2274,288
docs/htm/L1/XI2577.HTM,docs/htm/L1/XI2577.htm,keep_lowercase,docs/htm/L1/XI2577.htm,docs/htm/L1/XI2577.HTM,lowercase newer (2025-09-23 17:13:35.784424 vs 2025-09-23 10:31:40.806733),2025-09-23T10:31:40.806733,2025-09-23T17:13:35.784424,2418,2048,370
docs/htm/L1/XI2714.HTM,docs/htm/L1/XI2714.htm,keep_lowercase,docs/htm/L1/XI2714.htm,docs/htm/L1/XI2714.HTM,lowercase newer (2025-09-23 17:13:35.788520 vs 2025-09-23 10:31:40.810611),2025-09-23T10:31:40.810611,2025-09-23T17:13:35.788520,2488,2159,329
docs/htm/L1/XI2550.HTM,docs/htm/L1/XI2550.htm,keep_lowercase,docs/htm/L1/XI2550.htm,docs/htm/L1/XI2550.HTM,lowercase newer (2025-09-23 17:13:35.780328 vs 2025-09-23 10:31:40.806733),2025-09-23T10:31:40.806733,2025-09-23T17:13:35.780328,2463,2134,329
docs/htm/L1/XI2486.HTM,docs/htm/L1/XI2486.htm,keep_lowercase,docs/htm/L1/XI2486.htm,docs/htm/L1/XI2486.HTM,lowercase newer (2025-09-23 17:13:35.780328 vs 2025-09-23 10:31:40.798976),2025-09-23T10:31:40.798976,2025-09-23T17:13:35.780328,2450,2080,370
docs/htm/L1/XF2988.HTM,docs/htm/L1/XF2988.htm,keep_lowercase,docs/htm/L1/XF2988.htm,docs/htm/L1/XF2988.HTM,lowercase newer (2025-09-23 17:13:35.727077 vs 2025-09-23 10:31:40.702023),2025-09-23T10:31:40.702023,2025-09-23T17:13:35.727077,3763,3516,247
docs/htm/L1/XI2619.HTM,docs/htm/L1/XI2619.htm,keep_lowercase,docs/htm/L1/XI2619.htm,docs/htm/L1/XI2619.HTM,lowercase newer (2025-09-23 17:13:35.784424 vs 2025-09-23 10:31:40.806733),2025-09-23T10:31:40.806733,2025-09-23T17:13:35.784424,2458,2088,370
docs/htm/L1/XI2538.HTM,docs/htm/L1/XI2538.htm,keep_lowercase,docs/htm/L1/XI2538.htm,docs/htm/L1/XI2538.HTM,lowercase newer (2025-09-23 17:13:35.780328 vs 2025-09-23 10:31:40.806733),2025-09-23T10:31:40.806733,2025-09-23T17:13:35.780328,2440,2070,370
docs/htm/L1/XI2681.HTM,docs/htm/L1/XI2681.htm,keep_lowercase,docs/htm/L1/XI2681.htm,docs/htm/L1/XI2681.HTM,lowercase newer (2025-09-23 17:13:35.788520 vs 2025-09-23 10:31:40.810611),2025-09-23T10:31:40.810611,2025-09-23T17:13:35.788520,2264,1853,411
docs/htm/L1/XI2617.HTM,docs/htm/L1/XI2617.htm,keep_lowercase,docs/htm/L1/XI2617.htm,docs/htm/L1/XI2617.HTM,lowercase newer (2025-09-23 17:13:35.784424 vs 2025-09-23 10:31:40.806733),2025-09-23T10:31:40.806733,2025-09-23T17:13:35.784424,2433,2063,370
docs/htm/L1/XI2648.HTM,docs/htm/L1/XI2648.htm,keep_lowercase,docs/htm/L1/XI2648.htm,docs/htm/L1/XI2648.HTM,lowercase newer (2025-09-23 17:13:35.784424 vs 2025-09-23 10:31:40.806733),2025-09-23T10:31:40.806733,2025-09-23T17:13:35.784424,2467,2138,329
docs/htm/L1/XI2699.HTM,docs/htm/L1/XI2699.htm,keep_lowercase,docs/htm/L1/XI2699.htm,docs/htm/L1/XI2699.HTM,lowercase newer (2025-09-23 17:13:35.788520 vs 2025-09-23 10:31:40.810611),2025-09-23T10:31:40.810611,2025-09-23T17:13:35.788520,2488,2118,370
docs/htm/L1/XI2692.HTM,docs/htm/L1/XI2692.htm,keep_lowercase,docs/htm/L1/XI2692.htm,docs/htm/L1/XI2692.HTM,lowercase newer (2025-09-23 17:13:35.788520 vs 2025-09-23 10:31:40.810611),2025-09-23T10:31:40.810611,2025-09-23T17:13:35.788520,2476,2106,370
docs/htm/L1/XI2479.HTM,docs/htm/L1/XI2479.htm,keep_lowercase,docs/htm/L1/XI2479.htm,docs/htm/L1/XI2479.HTM,lowercase newer (2025-09-23 17:13:35.780328 vs 2025-09-23 10:31:40.798976),2025-09-23T10:31:40.798976,2025-09-23T17:13:35.780328,2450,2080,370
docs/htm/L1/XF2978.HTM,docs/htm/L1/XF2978.htm,keep_lowercase,docs/htm/L1/XF2978.htm,docs/htm/L1/XF2978.HTM,lowercase newer (2025-09-23 17:13:35.727077 vs 2025-09-23 10:31:40.702023),2025-09-23T10:31:40.702023,2025-09-23T17:13:35.727077,3762,3597,165
docs/htm/L1/XI2492.HTM,docs/htm/L1/XI2492.htm,keep_lowercase,docs/htm/L1/XI2492.htm,docs/htm/L1/XI2492.HTM,lowercase newer (2025-09-23 17:13:35.780328 vs 2025-09-23 10:31:40.798976),2025-09-23T10:31:40.798976,2025-09-23T17:13:35.780328,2460,2090,370
docs/htm/L1/XI2645.HTM,docs/htm/L1/XI2645.htm,keep_lowercase,docs/htm/L1/XI2645.htm,docs/htm/L1/XI2645.HTM,lowercase newer (2025-09-23 17:13:35.784424 vs 2025-09-23 10:31:40.806733),2025-09-23T10:31:40.806733,2025-09-23T17:13:35.784424,2451,2081,370
docs/htm/L1/XI2589.HTM,docs/htm/L1/XI2589.htm,keep_lowercase,docs/htm/L1/XI2589.htm,docs/htm/L1/XI2589.HTM,lowercase newer (2025-09-23 17:13:35.784424 vs 2025-09-23 10:31:40.806733),2025-09-23T10:31:40.806733,2025-09-23T17:13:35.784424,2426,2056,370
docs/htm/L1/XI2710.HTM,docs/htm/L1/XI2710.htm,keep_lowercase,docs/htm/L1/XI2710.htm,docs/htm/L1/XI2710.HTM,lowercase newer (2025-09-23 17:13:35.788520 vs 2025-09-23 10:31:40.810611),2025-09-23T10:31:40.810611,2025-09-23T17:13:35.788520,2520,2232,288
docs/htm/L1/XI2719.HTM,docs/htm/L1/XI2719.htm,keep_lowercase,docs/htm/L1/XI2719.htm,docs/htm/L1/XI2719.HTM,lowercase newer (2025-09-23 17:13:35.788520 vs 2025-09-23 10:31:40.810611),2025-09-23T10:31:40.810611,2025-09-23T17:13:35.788520,2504,2216,288
docs/htm/L1/XI2613.HTM,docs/htm/L1/XI2613.htm,keep_lowercase,docs/htm/L1/XI2613.htm,docs/htm/L1/XI2613.HTM,lowercase newer (2025-09-23 17:13:35.784424 vs 2025-09-23 10:31:40.806733),2025-09-23T10:31:40.806733,2025-09-23T17:13:35.784424,2477,2107,370
docs/htm/L1/XI2512.HTM,docs/htm/L1/XI2512.htm,keep_lowercase,docs/htm/L1/XI2512.htm,docs/htm/L1/XI2512.HTM,lowercase newer (2025-09-23 17:13:35.780328 vs 2025-09-23 10:31:40.806733),2025-09-23T10:31:40.806733,2025-09-23T17:13:35.780328,2452,2082,370
docs/htm/L1/XI2695.HTM,docs/htm/L1/XI2695.htm,keep_lowercase,docs/htm/L1/XI2695.htm,docs/htm/L1/XI2695.HTM,lowercase newer (2025-09-23 17:13:35.788520 vs 2025-09-23 10:31:40.810611),2025-09-23T10:31:40.810611,2025-09-23T17:13:35.788520,2420,2050,370
docs/htm/L1/XI2480.HTM,docs/htm/L1/XI2480.htm,keep_lowercase,docs/htm/L1/XI2480.htm,docs/htm/L1/XI2480.HTM,lowercase newer (2025-09-23 17:13:35.780328 vs 2025-09-23 10:31:40.798976),2025-09-23T10:31:40.798976,2025-09-23T17:13:35.780328,2461,2091,370
docs/htm/L1/XI2580.HTM,docs/htm/L1/XI2580.htm,keep_lowercase,docs/htm/L1/XI2580.htm,docs/htm/L1/XI2580.HTM,lowercase newer (2025-09-23 17:13:35.784424 vs 2025-09-23 10:31:40.806733),2025-09-23T10:31:40.806733,2025-09-23T17:13:35.784424,2448,2078,370
docs/htm/L1/XI2644.HTM,docs/htm/L1/XI2644.htm,keep_lowercase,docs/htm/L1/XI2644.htm,docs/htm/L1/XI2644.HTM,lowercase newer (2025-09-23 17:13:35.784424 vs 2025-09-23 10:31:40.806733),2025-09-23T10:31:40.806733,2025-09-23T17:13:35.784424,2480,2151,329
docs/htm/L1/XI2493.HTM,docs/htm/L1/XI2493.htm,keep_lowercase,docs/htm/L1/XI2493.htm,docs/htm/L1/XI2493.HTM,lowercase newer (2025-09-23 17:13:35.780328 vs 2025-09-23 10:31:40.798976),2025-09-23T10:31:40.798976,2025-09-23T17:13:35.780328,2470,2100,370
docs/htm/L1/XI2590.HTM,docs/htm/L1/XI2590.htm,keep_lowercase,docs/htm/L1/XI2590.htm,docs/htm/L1/XI2590.HTM,lowercase newer (2025-09-23 17:13:35.784424 vs 2025-09-23 10:31:40.806733),2025-09-23T10:31:40.806733,2025-09-23T17:13:35.784424,2493,2164,329
docs/htm/L1/XI2517.HTM,docs/htm/L1/XI2517.htm,keep_lowercase,docs/htm/L1/XI2517.htm,docs/htm/L1/XI2517.HTM,lowercase newer (2025-09-23 17:13:35.780328 vs 2025-09-23 10:31:40.806733),2025-09-23T10:31:40.806733,2025-09-23T17:13:35.780328,2438,2068,370
docs/htm/L1/XI2503.HTM,docs/htm/L1/XI2503.htm,keep_lowercase,docs/htm/L1/XI2503.htm,docs/htm/L1/XI2503.HTM,lowercase newer (2025-09-23 17:13:35.780328 vs 2025-09-23 10:31:40.798976),2025-09-23T10:31:40.798976,2025-09-23T17:13:35.780328,2454,2084,370
docs/htm/L1/XI2708.HTM,docs/htm/L1/XI2708.htm,keep_lowercase,docs/htm/L1/XI2708.htm,docs/htm/L1/XI2708.HTM,lowercase newer (2025-09-23 17:13:35.788520 vs 2025-09-23 10:31:40.810611),2025-09-23T10:31:40.810611,2025-09-23T17:13:35.788520,2560,2313,247
docs/htm/L1/XI2679.HTM,docs/htm/L1/XI2679.htm,keep_lowercase,docs/htm/L1/XI2679.htm,docs/htm/L1/XI2679.HTM,lowercase newer (2025-09-23 17:13:35.788520 vs 2025-09-23 10:31:40.810611),2025-09-23T10:31:40.810611,2025-09-23T17:13:35.788520,2394,2024,370
docs/htm/L1/XI2643.HTM,docs/htm/L1/XI2643.htm,keep_lowercase,docs/htm/L1/XI2643.htm,docs/htm/L1/XI2643.HTM,lowercase newer (2025-09-23 17:13:35.784424 vs 2025-09-23 10:31:40.806733),2025-09-23T10:31:40.806733,2025-09-23T17:13:35.784424,2471,2142,329
docs/htm/L1/XI2658.HTM,docs/htm/L1/XI2658.htm,keep_lowercase,docs/htm/L1/XI2658.htm,docs/htm/L1/XI2658.HTM,lowercase newer (2025-09-23 17:13:35.784424 vs 2025-09-23 10:31:40.810611),2025-09-23T10:31:40.810611,2025-09-23T17:13:35.784424,2411,2041,370
docs/htm/L1/XI2470.HTM,docs/htm/L1/XI2470.htm,keep_lowercase,docs/htm/L1/XI2470.htm,docs/htm/L1/XI2470.HTM,lowercase newer (2025-09-23 17:13:35.780328 vs 2025-09-23 10:31:40.798976),2025-09-23T10:31:40.798976,2025-09-23T17:13:35.780328,2428,2058,370
docs/htm/L1/XI2530.HTM,docs/htm/L1/XI2530.htm,keep_lowercase,docs/htm/L1/XI2530.htm,docs/htm/L1/XI2530.HTM,lowercase newer (2025-09-23 17:13:35.780328 vs 2025-09-23 10:31:40.806733),2025-09-23T10:31:40.806733,2025-09-23T17:13:35.780328,2428,2058,370
docs/htm/L1/XI2494.HTM,docs/htm/L1/XI2494.htm,keep_lowercase,docs/htm/L1/XI2494.htm,docs/htm/L1/XI2494.HTM,lowercase newer (2025-09-23 17:13:35.780328 vs 2025-09-23 10:31:40.798976),2025-09-23T10:31:40.798976,2025-09-23T17:13:35.780328,2460,2090,370
docs/htm/L1/XI2585.HTM,docs/htm/L1/XI2585.htm,keep_lowercase,docs/htm/L1/XI2585.htm,docs/htm/L1/XI2585.HTM,lowercase newer (2025-09-23 17:13:35.784424 vs 2025-09-23 10:31:40.806733),2025-09-23T10:31:40.806733,2025-09-23T17:13:35.784424,2438,2068,370
docs/htm/L1/XI2678.HTM,docs/htm/L1/XI2678.htm,keep_lowercase,docs/htm/L1/XI2678.htm,docs/htm/L1/XI2678.HTM,lowercase newer (2025-09-23 17:13:35.788520 vs 2025-09-23 10:31:40.810611),2025-09-23T10:31:40.810611,2025-09-23T17:13:35.788520,2445,2075,370
docs/htm/L1/XI2528.HTM,docs/htm/L1/XI2528.htm,keep_lowercase,docs/htm/L1/XI2528.htm,docs/htm/L1/XI2528.HTM,lowercase newer (2025-09-23 17:13:35.780328 vs 2025-09-23 10:31:40.806733),2025-09-23T10:31:40.806733,2025-09-23T17:13:35.780328,2418,2048,370
docs/htm/L1/XI2598.HTM,docs/htm/L1/XI2598.htm,keep_lowercase,docs/htm/L1/XI2598.htm,docs/htm/L1/XI2598.HTM,lowercase newer (2025-09-23 17:13:35.784424 vs 2025-09-23 10:31:40.806733),2025-09-23T10:31:40.806733,2025-09-23T17:13:35.784424,2411,2041,370
docs/htm/L1/XI2488.HTM,docs/htm/L1/XI2488.htm,keep_lowercase,docs/htm/L1/XI2488.htm,docs/htm/L1/XI2488.HTM,lowercase newer (2025-09-23 17:13:35.780328 vs 2025-09-23 10:31:40.798976),2025-09-23T10:31:40.798976,2025-09-23T17:13:35.780328,2526,2197,329
docs/htm/L1/XI2715.HTM,docs/htm/L1/XI2715.htm,keep_lowercase,docs/htm/L1/XI2715.htm,docs/htm/L1/XI2715.HTM,lowercase newer (2025-09-23 17:13:35.788520 vs 2025-09-23 10:31:40.810611),2025-09-23T10:31:40.810611,2025-09-23T17:13:35.788520,2471,2142,329
docs/htm/L1/XI2554.HTM,docs/htm/L1/XI2554.htm,keep_lowercase,docs/htm/L1/XI2554.htm,docs/htm/L1/XI2554.HTM,lowercase newer (2025-09-23 17:13:35.780328 vs 2025-09-23 10:31:40.806733),2025-09-23T10:31:40.806733,2025-09-23T17:13:35.780328,2410,2040,370
docs/htm/L1/XI2668.HTM,docs/htm/L1/XI2668.htm,keep_lowercase,docs/htm/L1/XI2668.htm,docs/htm/L1/XI2668.HTM,lowercase newer (2025-09-23 17:13:35.788520 vs 2025-09-23 10:31:40.810611),2025-09-23T10:31:40.810611,2025-09-23T17:13:35.788520,2573,2367,206
docs/htm/L1/XI2502.HTM,docs/htm/L1/XI2502.htm,keep_lowercase,docs/htm/L1/XI2502.htm,docs/htm/L1/XI2502.HTM,lowercase newer (2025-09-23 17:13:35.780328 vs 2025-09-23 10:31:40.798976),2025-09-23T10:31:40.798976,2025-09-23T17:13:35.780328,2566,2278,288
docs/htm/L1/XI2688.HTM,docs/htm/L1/XI2688.htm,keep_lowercase,docs/htm/L1/XI2688.htm,docs/htm/L1/XI2688.HTM,lowercase newer (2025-09-23 17:13:35.788520 vs 2025-09-23 10:31:40.810611),2025-09-23T10:31:40.810611,2025-09-23T17:13:35.788520,2488,2118,370
docs/htm/L1/XI2552.HTM,docs/htm/L1/XI2552.htm,keep_lowercase,docs/htm/L1/XI2552.htm,docs/htm/L1/XI2552.HTM,lowercase newer (2025-09-23 17:13:35.780328 vs 2025-09-23 10:31:40.806733),2025-09-23T10:31:40.806733,2025-09-23T17:13:35.780328,2499,2129,370
docs/htm/L1/XI2662.HTM,docs/htm/L1/XI2662.htm,keep_lowercase,docs/htm/L1/XI2662.htm,docs/htm/L1/XI2662.HTM,lowercase newer (2025-09-23 17:13:35.784424 vs 2025-09-23 10:31:40.810611),2025-09-23T10:31:40.810611,2025-09-23T17:13:35.784424,2439,2069,370
docs/htm/L1/XI2478.HTM,docs/htm/L1/XI2478.htm,keep_lowercase,docs/htm/L1/XI2478.htm,docs/htm/L1/XI2478.HTM,lowercase newer (2025-09-23 17:13:35.780328 vs 2025-09-23 10:31:40.798976),2025-09-23T10:31:40.798976,2025-09-23T17:13:35.780328,2434,2064,370
docs/htm/L1/XI2606.HTM,docs/htm/L1/XI2606.htm,keep_lowercase,docs/htm/L1/XI2606.htm,docs/htm/L1/XI2606.HTM,lowercase newer (2025-09-23 17:13:35.784424 vs 2025-09-23 10:31:40.806733),2025-09-23T10:31:40.806733,2025-09-23T17:13:35.784424,2514,2185,329
docs/htm/L1/XI2535.HTM,docs/htm/L1/XI2535.htm,keep_lowercase,docs/htm/L1/XI2535.htm,docs/htm/L1/XI2535.HTM,lowercase newer (2025-09-23 17:13:35.780328 vs 2025-09-23 10:31:40.806733),2025-09-23T10:31:40.806733,2025-09-23T17:13:35.780328,2432,2062,370
docs/htm/L1/XI2694.HTM,docs/htm/L1/XI2694.htm,keep_lowercase,docs/htm/L1/XI2694.htm,docs/htm/L1/XI2694.HTM,lowercase newer (2025-09-23 17:13:35.788520 vs 2025-09-23 10:31:40.810611),2025-09-23T10:31:40.810611,2025-09-23T17:13:35.788520,2599,2270,329
docs/htm/L1/XI2638.HTM,docs/htm/L1/XI2638.htm,keep_lowercase,docs/htm/L1/XI2638.htm,docs/htm/L1/XI2638.HTM,lowercase newer (2025-09-23 17:13:35.784424 vs 2025-09-23 10:31:40.806733),2025-09-23T10:31:40.806733,2025-09-23T17:13:35.784424,2479,2150,329
docs/htm/L1/XI2611.HTM,docs/htm/L1/XI2611.htm,keep_lowercase,docs/htm/L1/XI2611.htm,docs/htm/L1/XI2611.HTM,lowercase newer (2025-09-23 17:13:35.784424 vs 2025-09-23 10:31:40.806733),2025-09-23T10:31:40.806733,2025-09-23T17:13:35.784424,2487,2158,329
docs/htm/L1/XI2564.HTM,docs/htm/L1/XI2564.htm,keep_lowercase,docs/htm/L1/XI2564.htm,docs/htm/L1/XI2564.HTM,lowercase newer (2025-09-23 17:13:35.780328 vs 2025-09-23 10:31:40.806733),2025-09-23T10:31:40.806733,2025-09-23T17:13:35.780328,2434,2064,370
docs/htm/L1/XI2721.HTM,docs/htm/L1/XI2721.htm,keep_lowercase,docs/htm/L1/XI2721.htm,docs/htm/L1/XI2721.HTM,lowercase newer (2025-09-23 17:13:35.788520 vs 2025-09-23 10:31:40.810611),2025-09-23T10:31:40.810611,2025-09-23T17:13:35.788520,2470,2141,329
docs/htm/L1/XI2522.HTM,docs/htm/L1/XI2522.htm,keep_lowercase,docs/htm/L1/XI2522.htm,docs/htm/L1/XI2522.HTM,lowercase newer (2025-09-23 17:13:35.780328 vs 2025-09-23 10:31:40.806733),2025-09-23T10:31:40.806733,2025-09-23T17:13:35.780328,2420,2050,370
docs/htm/L1/XI2553.HTM,docs/htm/L1/XI2553.htm,keep_lowercase,docs/htm/L1/XI2553.htm,docs/htm/L1/XI2553.HTM,lowercase newer (2025-09-23 17:13:35.780328 vs 2025-09-23 10:31:40.806733),2025-09-23T10:31:40.806733,2025-09-23T17:13:35.780328,2487,2117,370
docs/htm/L1/XI2624.HTM,docs/htm/L1/XI2624.htm,keep_lowercase,docs/htm/L1/XI2624.htm,docs/htm/L1/XI2624.HTM,lowercase newer (2025-09-23 17:13:35.784424 vs 2025-09-23 10:31:40.806733),2025-09-23T10:31:40.806733,2025-09-23T17:13:35.784424,2505,2176,329
docs/htm/L1/XI2491.HTM,docs/htm/L1/XI2491.htm,keep_lowercase,docs/htm/L1/XI2491.htm,docs/htm/L1/XI2491.HTM,lowercase newer (2025-09-23 17:13:35.780328 vs 2025-09-23 10:31:40.798976),2025-09-23T10:31:40.798976,2025-09-23T17:13:35.780328,2450,2080,370
docs/htm/L1/XI2551.HTM,docs/htm/L1/XI2551.htm,keep_lowercase,docs/htm/L1/XI2551.htm,docs/htm/L1/XI2551.HTM,lowercase newer (2025-09-23 17:13:35.780328 vs 2025-09-23 10:31:40.806733),2025-09-23T10:31:40.806733,2025-09-23T17:13:35.780328,2544,2174,370
docs/htm/L1/XI2690.HTM,docs/htm/L1/XI2690.htm,keep_lowercase,docs/htm/L1/XI2690.htm,docs/htm/L1/XI2690.HTM,lowercase newer (2025-09-23 17:13:35.788520 vs 2025-09-23 10:31:40.810611),2025-09-23T10:31:40.810611,2025-09-23T17:13:35.788520,2522,2234,288
docs/htm/L1/XI2539.HTM,docs/htm/L1/XI2539.htm,keep_lowercase,docs/htm/L1/XI2539.htm,docs/htm/L1/XI2539.HTM,lowercase newer (2025-09-23 17:13:35.780328 vs 2025-09-23 10:31:40.806733),2025-09-23T10:31:40.806733,2025-09-23T17:13:35.780328,2420,2050,370
docs/htm/L1/XI2671.HTM,docs/htm/L1/XI2671.htm,keep_lowercase,docs/htm/L1/XI2671.htm,docs/htm/L1/XI2671.HTM,lowercase newer (2025-09-23 17:13:35.788520 vs 2025-09-23 10:31:40.810611),2025-09-23T10:31:40.810611,2025-09-23T17:13:35.788520,2546,2258,288
docs/htm/L1/XI2520.HTM,docs/htm/L1/XI2520.htm,keep_lowercase,docs/htm/L1/XI2520.htm,docs/htm/L1/XI2520.HTM,lowercase newer (2025-09-23 17:13:35.780328 vs 2025-09-23 10:31:40.806733),2025-09-23T10:31:40.806733,2025-09-23T17:13:35.780328,2406,2036,370
docs/htm/L1/XI2626.HTM,docs/htm/L1/XI2626.htm,keep_lowercase,docs/htm/L1/XI2626.htm,docs/htm/L1/XI2626.HTM,lowercase newer (2025-09-23 17:13:35.784424 vs 2025-09-23 10:31:40.806733),2025-09-23T10:31:40.806733,2025-09-23T17:13:35.784424,2289,1919,370
docs/htm/L1/XI2673.HTM,docs/htm/L1/XI2673.htm,keep_lowercase,docs/htm/L1/XI2673.htm,docs/htm/L1/XI2673.HTM,lowercase newer (2025-09-23 17:13:35.788520 vs 2025-09-23 10:31:40.810611),2025-09-23T10:31:40.810611,2025-09-23T17:13:35.788520,2443,2114,329
docs/htm/L1/XI2482.HTM,docs/htm/L1/XI2482.htm,keep_lowercase,docs/htm/L1/XI2482.htm,docs/htm/L1/XI2482.HTM,lowercase newer (2025-09-23 17:13:35.780328 vs 2025-09-23 10:31:40.798976),2025-09-23T10:31:40.798976,2025-09-23T17:13:35.780328,2446,2076,370
docs/htm/L1/XI2541.HTM,docs/htm/L1/XI2541.htm,keep_lowercase,docs/htm/L1/XI2541.htm,docs/htm/L1/XI2541.HTM,lowercase newer (2025-09-23 17:13:35.780328 vs 2025-09-23 10:31:40.806733),2025-09-23T10:31:40.806733,2025-09-23T17:13:35.780328,2410,2040,370
docs/htm/L1/XI2562.HTM,docs/htm/L1/XI2562.htm,keep_lowercase,docs/htm/L1/XI2562.htm,docs/htm/L1/XI2562.HTM,lowercase newer (2025-09-23 17:13:35.780328 vs 2025-09-23 10:31:40.806733),2025-09-23T10:31:40.806733,2025-09-23T17:13:35.780328,2418,2048,370
docs/htm/L1/XI2713.HTM,docs/htm/L1/XI2713.htm,keep_lowercase,docs/htm/L1/XI2713.htm,docs/htm/L1/XI2713.HTM,lowercase newer (2025-09-23 17:13:35.788520 vs 2025-09-23 10:31:40.810611),2025-09-23T10:31:40.810611,2025-09-23T17:13:35.788520,2499,2170,329
docs/htm/L1/XI2559.HTM,docs/htm/L1/XI2559.htm,keep_lowercase,docs/htm/L1/XI2559.htm,docs/htm/L1/XI2559.HTM,lowercase newer (2025-09-23 17:13:35.780328 vs 2025-09-23 10:31:40.806733),2025-09-23T10:31:40.806733,2025-09-23T17:13:35.780328,2446,2076,370
docs/htm/L1/XI2639.HTM,docs/htm/L1/XI2639.htm,keep_lowercase,docs/htm/L1/XI2639.htm,docs/htm/L1/XI2639.HTM,lowercase newer (2025-09-23 17:13:35.784424 vs 2025-09-23 10:31:40.806733),2025-09-23T10:31:40.806733,2025-09-23T17:13:35.784424,2583,2250,333
docs/htm/L1/XI2614.HTM,docs/htm/L1/XI2614.htm,keep_lowercase,docs/htm/L1/XI2614.htm,docs/htm/L1/XI2614.HTM,lowercase newer (2025-09-23 17:13:35.784424 vs 2025-09-23 10:31:40.806733),2025-09-23T10:31:40.806733,2025-09-23T17:13:35.784424,2524,2154,370
docs/htm/L1/XI2558.HTM,docs/htm/L1/XI2558.htm,keep_lowercase,docs/htm/L1/XI2558.htm,docs/htm/L1/XI2558.HTM,lowercase newer (2025-09-23 17:13:35.780328 vs 2025-09-23 10:31:40.806733),2025-09-23T10:31:40.806733,2025-09-23T17:13:35.780328,2440,2070,370
docs/htm/L1/XI2475.HTM,docs/htm/L1/XI2475.htm,keep_lowercase,docs/htm/L1/XI2475.htm,docs/htm/L1/XI2475.HTM,lowercase newer (2025-09-23 17:13:35.780328 vs 2025-09-23 10:31:40.798976),2025-09-23T10:31:40.798976,2025-09-23T17:13:35.780328,2446,2076,370
docs/htm/L1/XI2536.HTM,docs/htm/L1/XI2536.htm,keep_lowercase,docs/htm/L1/XI2536.htm,docs/htm/L1/XI2536.HTM,lowercase newer (2025-09-23 17:13:35.780328 vs 2025-09-23 10:31:40.806733),2025-09-23T10:31:40.806733,2025-09-23T17:13:35.780328,2414,2044,370
docs/htm/L1/XI2506.HTM,docs/htm/L1/XI2506.htm,keep_lowercase,docs/htm/L1/XI2506.htm,docs/htm/L1/XI2506.HTM,lowercase newer (2025-09-23 17:13:35.780328 vs 2025-09-23 10:31:40.806733),2025-09-23T10:31:40.806733,2025-09-23T17:13:35.780328,2438,2068,370
docs/htm/L1/XI2711.HTM,docs/htm/L1/XI2711.htm,keep_lowercase,docs/htm/L1/XI2711.htm,docs/htm/L1/XI2711.HTM,lowercase newer (2025-09-23 17:13:35.788520 vs 2025-09-23 10:31:40.810611),2025-09-23T10:31:40.810611,2025-09-23T17:13:35.788520,2597,2227,370
docs/htm/L1/XI2575.HTM,docs/htm/L1/XI2575.htm,keep_lowercase,docs/htm/L1/XI2575.htm,docs/htm/L1/XI2575.HTM,lowercase newer (2025-09-23 17:13:35.784424 vs 2025-09-23 10:31:40.806733),2025-09-23T10:31:40.806733,2025-09-23T17:13:35.784424,2430,2060,370
docs/htm/L1/XI2706.HTM,docs/htm/L1/XI2706.htm,keep_lowercase,docs/htm/L1/XI2706.htm,docs/htm/L1/XI2706.HTM,lowercase newer (2025-09-23 17:13:35.788520 vs 2025-09-23 10:31:40.810611),2025-09-23T10:31:40.810611,2025-09-23T17:13:35.788520,2508,2179,329
docs/htm/L1/XI2666.HTM,docs/htm/L1/XI2666.htm,keep_lowercase,docs/htm/L1/XI2666.htm,docs/htm/L1/XI2666.HTM,lowercase newer (2025-09-23 17:13:35.784424 vs 2025-09-23 10:31:40.810611),2025-09-23T10:31:40.810611,2025-09-23T17:13:35.784424,2608,2238,370
docs/htm/L1/XI2654.HTM,docs/htm/L1/XI2654.htm,keep_lowercase,docs/htm/L1/XI2654.htm,docs/htm/L1/XI2654.HTM,lowercase newer (2025-09-23 17:13:35.784424 vs 2025-09-23 10:31:40.806733),2025-09-23T10:31:40.806733,2025-09-23T17:13:35.784424,2544,2174,370
docs/htm/L1/XI2565.HTM,docs/htm/L1/XI2565.htm,keep_lowercase,docs/htm/L1/XI2565.htm,docs/htm/L1/XI2565.HTM,lowercase newer (2025-09-23 17:13:35.780328 vs 2025-09-23 10:31:40.806733),2025-09-23T10:31:40.806733,2025-09-23T17:13:35.780328,2420,2050,370
docs/htm/L1/XI2524.HTM,docs/htm/L1/XI2524.htm,keep_lowercase,docs/htm/L1/XI2524.htm,docs/htm/L1/XI2524.HTM,lowercase newer (2025-09-23 17:13:35.780328 vs 2025-09-23 10:31:40.806733),2025-09-23T10:31:40.806733,2025-09-23T17:13:35.780328,2408,2038,370
docs/htm/L1/XI2622.HTM,docs/htm/L1/XI2622.htm,keep_lowercase,docs/htm/L1/XI2622.htm,docs/htm/L1/XI2622.HTM,lowercase newer (2025-09-23 17:13:35.784424 vs 2025-09-23 10:31:40.806733),2025-09-23T10:31:40.806733,2025-09-23T17:13:35.784424,2458,2129,329
docs/htm/L1/XI2468.HTM,docs/htm/L1/XI2468.htm,keep_lowercase,docs/htm/L1/XI2468.htm,docs/htm/L1/XI2468.HTM,lowercase newer (2025-09-23 17:13:35.780328 vs 2025-09-23 10:31:40.798976),2025-09-23T10:31:40.798976,2025-09-23T17:13:35.780328,2460,2090,370
docs/htm/L1/XI2567.HTM,docs/htm/L1/XI2567.htm,keep_lowercase,docs/htm/L1/XI2567.htm,docs/htm/L1/XI2567.HTM,lowercase newer (2025-09-23 17:13:35.780328 vs 2025-09-23 10:31:40.806733),2025-09-23T10:31:40.806733,2025-09-23T17:13:35.780328,2498,2128,370
docs/htm/L1/XI2636.HTM,docs/htm/L1/XI2636.htm,keep_lowercase,docs/htm/L1/XI2636.htm,docs/htm/L1/XI2636.HTM,lowercase newer (2025-09-23 17:13:35.784424 vs 2025-09-23 10:31:40.806733),2025-09-23T10:31:40.806733,2025-09-23T17:13:35.784424,2526,2156,370
docs/htm/L1/XI2487.HTM,docs/htm/L1/XI2487.htm,keep_lowercase,docs/htm/L1/XI2487.htm,docs/htm/L1/XI2487.HTM,lowercase newer (2025-09-23 17:13:35.780328 vs 2025-09-23 10:31:40.798976),2025-09-23T10:31:40.798976,2025-09-23T17:13:35.780328,2470,2100,370
docs/htm/L1/XI2576.HTM,docs/htm/L1/XI2576.htm,keep_lowercase,docs/htm/L1/XI2576.htm,docs/htm/L1/XI2576.HTM,lowercase newer (2025-09-23 17:13:35.784424 vs 2025-09-23 10:31:40.806733),2025-09-23T10:31:40.806733,2025-09-23T17:13:35.784424,2416,2046,370
docs/htm/L1/XI2526.HTM,docs/htm/L1/XI2526.htm,keep_lowercase,docs/htm/L1/XI2526.htm,docs/htm/L1/XI2526.HTM,lowercase newer (2025-09-23 17:13:35.780328 vs 2025-09-23 10:31:40.806733),2025-09-23T10:31:40.806733,2025-09-23T17:13:35.780328,2422,2052,370
docs/htm/L1/XI2586.HTM,docs/htm/L1/XI2586.htm,keep_lowercase,docs/htm/L1/XI2586.htm,docs/htm/L1/XI2586.HTM,lowercase newer (2025-09-23 17:13:35.784424 vs 2025-09-23 10:31:40.806733),2025-09-23T10:31:40.806733,2025-09-23T17:13:35.784424,2430,2060,370
docs/htm/L1/XI2633.HTM,docs/htm/L1/XI2633.htm,keep_lowercase,docs/htm/L1/XI2633.htm,docs/htm/L1/XI2633.HTM,lowercase newer (2025-09-23 17:13:35.784424 vs 2025-09-23 10:31:40.806733),2025-09-23T10:31:40.806733,2025-09-23T17:13:35.784424,2477,2107,370
docs/htm/L1/XI2518.HTM,docs/htm/L1/XI2518.htm,keep_lowercase,docs/htm/L1/XI2518.htm,docs/htm/L1/XI2518.HTM,lowercase newer (2025-09-23 17:13:35.780328 vs 2025-09-23 10:31:40.806733),2025-09-23T10:31:40.806733,2025-09-23T17:13:35.780328,2424,2054,370
docs/htm/L1/XI2510.HTM,docs/htm/L1/XI2510.htm,keep_lowercase,docs/htm/L1/XI2510.htm,docs/htm/L1/XI2510.HTM,lowercase newer (2025-09-23 17:13:35.780328 vs 2025-09-23 10:31:40.806733),2025-09-23T10:31:40.806733,2025-09-23T17:13:35.780328,2458,2088,370
docs/htm/L1/XI2584.HTM,docs/htm/L1/XI2584.htm,keep_lowercase,docs/htm/L1/XI2584.htm,docs/htm/L1/XI2584.HTM,lowercase newer (2025-09-23 17:13:35.784424 vs 2025-09-23 10:31:40.806733),2025-09-23T10:31:40.806733,2025-09-23T17:13:35.784424,2440,2070,370
docs/htm/L1/XI2544.HTM,docs/htm/L1/XI2544.htm,keep_lowercase,docs/htm/L1/XI2544.htm,docs/htm/L1/XI2544.HTM,lowercase newer (2025-09-23 17:13:35.780328 vs 2025-09-23 10:31:40.806733),2025-09-23T10:31:40.806733,2025-09-23T17:13:35.780328,2400,2030,370
docs/htm/L1/XF74.HTM,docs/htm/L1/XF74.htm,keep_lowercase,docs/htm/L1/XF74.htm,docs/htm/L1/XF74.HTM,lowercase newer (2025-09-23 17:13:35.727077 vs 2025-09-23 10:31:40.702023),2025-09-23T10:31:40.702023,2025-09-23T17:13:35.727077,4331,4207,124
docs/htm/L1/XI2477.HTM,docs/htm/L1/XI2477.htm,keep_lowercase,docs/htm/L1/XI2477.htm,docs/htm/L1/XI2477.HTM,lowercase newer (2025-09-23 17:13:35.780328 vs 2025-09-23 10:31:40.798976),2025-09-23T10:31:40.798976,2025-09-23T17:13:35.780328,2428,2058,370
docs/htm/L1/XF1781.HTM,docs/htm/L1/XF1781.htm,keep_lowercase,docs/htm/L1/XF1781.htm,docs/htm/L1/XF1781.HTM,lowercase newer (2025-09-23 17:13:35.722981 vs 2025-09-23 10:31:40.698145),2025-09-23T10:31:40.698145,2025-09-23T17:13:35.722981,3704,3539,165
docs/htm/L1/XI2620.HTM,docs/htm/L1/XI2620.htm,keep_lowercase,docs/htm/L1/XI2620.htm,docs/htm/L1/XI2620.HTM,lowercase newer (2025-09-23 17:13:35.784424 vs 2025-09-23 10:31:40.806733),2025-09-23T10:31:40.806733,2025-09-23T17:13:35.784424,2468,2139,329
docs/htm/L1/XF734.HTM,docs/htm/L1/XF734.htm,keep_lowercase,docs/htm/L1/XF734.htm,docs/htm/L1/XF734.HTM,lowercase newer (2025-09-23 17:13:35.727077 vs 2025-09-23 10:31:40.702023),2025-09-23T10:31:40.702023,2025-09-23T17:13:35.727077,4189,4065,124
docs/htm/L1/XI2596.HTM,docs/htm/L1/XI2596.htm,keep_lowercase,docs/htm/L1/XI2596.htm,docs/htm/L1/XI2596.HTM,lowercase newer (2025-09-23 17:13:35.784424 vs 2025-09-23 10:31:40.806733),2025-09-23T10:31:40.806733,2025-09-23T17:13:35.784424,2609,2321,288
docs/htm/L1/XI2563.HTM,docs/htm/L1/XI2563.htm,keep_lowercase,docs/htm/L1/XI2563.htm,docs/htm/L1/XI2563.HTM,lowercase newer (2025-09-23 17:13:35.780328 vs 2025-09-23 10:31:40.806733),2025-09-23T10:31:40.806733,2025-09-23T17:13:35.780328,2416,2046,370
docs/htm/L1/XI2716.HTM,docs/htm/L1/XI2716.htm,keep_lowercase,docs/htm/L1/XI2716.htm,docs/htm/L1/XI2716.HTM,lowercase newer (2025-09-23 17:13:35.788520 vs 2025-09-23 10:31:40.810611),2025-09-23T10:31:40.810611,2025-09-23T17:13:35.788520,2467,2138,329
docs/htm/L1/XI2481.HTM,docs/htm/L1/XI2481.htm,keep_lowercase,docs/htm/L1/XI2481.htm,docs/htm/L1/XI2481.HTM,lowercase newer (2025-09-23 17:13:35.780328 vs 2025-09-23 10:31:40.798976),2025-09-23T10:31:40.798976,2025-09-23T17:13:35.780328,2447,2077,370
docs/htm/L1/XI2659.HTM,docs/htm/L1/XI2659.htm,keep_lowercase,docs/htm/L1/XI2659.htm,docs/htm/L1/XI2659.HTM,lowercase newer (2025-09-23 17:13:35.784424 vs 2025-09-23 10:31:40.810611),2025-09-23T10:31:40.810611,2025-09-23T17:13:35.784424,2495,2125,370
docs/htm/L1/XI2515.HTM,docs/htm/L1/XI2515.htm,keep_lowercase,docs/htm/L1/XI2515.htm,docs/htm/L1/XI2515.HTM,lowercase newer (2025-09-23 17:13:35.780328 vs 2025-09-23 10:31:40.806733),2025-09-23T10:31:40.806733,2025-09-23T17:13:35.780328,2472,2102,370
docs/htm/L1/XI2718.HTM,docs/htm/L1/XI2718.htm,keep_lowercase,docs/htm/L1/XI2718.htm,docs/htm/L1/XI2718.HTM,lowercase newer (2025-09-23 17:13:35.788520 vs 2025-09-23 10:31:40.810611),2025-09-23T10:31:40.810611,2025-09-23T17:13:35.788520,2455,2126,329
docs/htm/L1/XI2684.HTM,docs/htm/L1/XI2684.htm,keep_lowercase,docs/htm/L1/XI2684.htm,docs/htm/L1/XI2684.HTM,lowercase newer (2025-09-23 17:13:35.788520 vs 2025-09-23 10:31:40.810611),2025-09-23T10:31:40.810611,2025-09-23T17:13:35.788520,2424,2054,370
docs/htm/L1/XI2601.HTM,docs/htm/L1/XI2601.htm,keep_lowercase,docs/htm/L1/XI2601.htm,docs/htm/L1/XI2601.HTM,lowercase newer (2025-09-23 17:13:35.784424 vs 2025-09-23 10:31:40.806733),2025-09-23T10:31:40.806733,2025-09-23T17:13:35.784424,2520,2150,370
docs/htm/L1/XF1690.HTM,docs/htm/L1/XF1690.htm,keep_lowercase,docs/htm/L1/XF1690.htm,docs/htm/L1/XF1690.HTM,lowercase newer (2025-09-23 17:13:35.722981 vs 2025-09-23 10:31:40.698145),2025-09-23T10:31:40.698145,2025-09-23T17:13:35.722981,3909,3785,124
docs/htm/L1/XI2663.HTM,docs/htm/L1/XI2663.htm,keep_lowercase,docs/htm/L1/XI2663.htm,docs/htm/L1/XI2663.HTM,lowercase newer (2025-09-23 17:13:35.784424 vs 2025-09-23 10:31:40.810611),2025-09-23T10:31:40.810611,2025-09-23T17:13:35.784424,2471,2142,329
docs/htm/L1/XI2707.HTM,docs/htm/L1/XI2707.htm,keep_lowercase,docs/htm/L1/XI2707.htm,docs/htm/L1/XI2707.HTM,lowercase newer (2025-09-23 17:13:35.788520 vs 2025-09-23 10:31:40.810611),2025-09-23T10:31:40.810611,2025-09-23T17:13:35.788520,2618,2289,329
docs/htm/L1/XI2682.HTM,docs/htm/L1/XI2682.htm,keep_lowercase,docs/htm/L1/XI2682.htm,docs/htm/L1/XI2682.HTM,lowercase newer (2025-09-23 17:13:35.788520 vs 2025-09-23 10:31:40.810611),2025-09-23T10:31:40.810611,2025-09-23T17:13:35.788520,2436,2066,370
docs/htm/L1/XI2640.HTM,docs/htm/L1/XI2640.htm,keep_lowercase,docs/htm/L1/XI2640.htm,docs/htm/L1/XI2640.HTM,lowercase newer (2025-09-23 17:13:35.784424 vs 2025-09-23 10:31:40.806733),2025-09-23T10:31:40.806733,2025-09-23T17:13:35.784424,2507,2176,331
docs/htm/L1/XI2665.HTM,docs/htm/L1/XI2665.htm,keep_lowercase,docs/htm/L1/XI2665.htm,docs/htm/L1/XI2665.HTM,lowercase newer (2025-09-23 17:13:35.784424 vs 2025-09-23 10:31:40.810611),2025-09-23T10:31:40.810611,2025-09-23T17:13:35.784424,2613,2284,329
docs/htm/L1/XI2561.HTM,docs/htm/L1/XI2561.htm,keep_lowercase,docs/htm/L1/XI2561.htm,docs/htm/L1/XI2561.HTM,lowercase newer (2025-09-23 17:13:35.780328 vs 2025-09-23 10:31:40.806733),2025-09-23T10:31:40.806733,2025-09-23T17:13:35.780328,2426,2056,370
docs/htm/L1/XF1272.HTM,docs/htm/L1/XF1272.htm,keep_lowercase,docs/htm/L1/XF1272.htm,docs/htm/L1/XF1272.HTM,lowercase newer (2025-09-23 17:13:35.718885 vs 2025-09-23 10:31:40.694267),2025-09-23T10:31:40.694267,2025-09-23T17:13:35.718885,3723,3558,165
docs/htm/L1/XI2602.HTM,docs/htm/L1/XI2602.htm,keep_lowercase,docs/htm/L1/XI2602.htm,docs/htm/L1/XI2602.HTM,lowercase newer (2025-09-23 17:13:35.784424 vs 2025-09-23 10:31:40.806733),2025-09-23T10:31:40.806733,2025-09-23T17:13:35.784424,2509,2135,374
docs/htm/L1/XI2630.HTM,docs/htm/L1/XI2630.htm,keep_lowercase,docs/htm/L1/XI2630.htm,docs/htm/L1/XI2630.HTM,lowercase newer (2025-09-23 17:13:35.784424 vs 2025-09-23 10:31:40.806733),2025-09-23T10:31:40.806733,2025-09-23T17:13:35.784424,2484,2155,329
docs/htm/L1/XI2697.HTM,docs/htm/L1/XI2697.htm,keep_lowercase,docs/htm/L1/XI2697.htm,docs/htm/L1/XI2697.HTM,lowercase newer (2025-09-23 17:13:35.788520 vs 2025-09-23 10:31:40.810611),2025-09-23T10:31:40.810611,2025-09-23T17:13:35.788520,2488,2118,370
docs/htm/L1/XI2700.HTM,docs/htm/L1/XI2700.htm,keep_lowercase,docs/htm/L1/XI2700.htm,docs/htm/L1/XI2700.HTM,lowercase newer (2025-09-23 17:13:35.788520 vs 2025-09-23 10:31:40.810611),2025-09-23T10:31:40.810611,2025-09-23T17:13:35.788520,2521,2149,372
docs/htm/L1/XI2474.HTM,docs/htm/L1/XI2474.htm,keep_lowercase,docs/htm/L1/XI2474.htm,docs/htm/L1/XI2474.HTM,lowercase newer (2025-09-23 17:13:35.780328 vs 2025-09-23 10:31:40.798976),2025-09-23T10:31:40.798976,2025-09-23T17:13:35.780328,2434,2064,370
docs/htm/L1/XI2471.HTM,docs/htm/L1/XI2471.htm,keep_lowercase,docs/htm/L1/XI2471.htm,docs/htm/L1/XI2471.HTM,lowercase newer (2025-09-23 17:13:35.780328 vs 2025-09-23 10:31:40.798976),2025-09-23T10:31:40.798976,2025-09-23T17:13:35.780328,2418,2048,370
docs/htm/L1/XI2579.HTM,docs/htm/L1/XI2579.htm,keep_lowercase,docs/htm/L1/XI2579.htm,docs/htm/L1/XI2579.HTM,lowercase newer (2025-09-23 17:13:35.784424 vs 2025-09-23 10:31:40.806733),2025-09-23T10:31:40.806733,2025-09-23T17:13:35.784424,2448,2078,370
docs/htm/L1/XI2667.HTM,docs/htm/L1/XI2667.htm,keep_lowercase,docs/htm/L1/XI2667.htm,docs/htm/L1/XI2667.HTM,lowercase newer (2025-09-23 17:13:35.788520 vs 2025-09-23 10:31:40.810611),2025-09-23T10:31:40.810611,2025-09-23T17:13:35.788520,2397,2027,370
docs/htm/L1/XI2592.HTM,docs/htm/L1/XI2592.htm,keep_lowercase,docs/htm/L1/XI2592.htm,docs/htm/L1/XI2592.HTM,lowercase newer (2025-09-23 17:13:35.784424 vs 2025-09-23 10:31:40.806733),2025-09-23T10:31:40.806733,2025-09-23T17:13:35.784424,2639,2433,206
docs/htm/L1/XI2505.HTM,docs/htm/L1/XI2505.htm,keep_lowercase,docs/htm/L1/XI2505.htm,docs/htm/L1/XI2505.HTM,lowercase newer (2025-09-23 17:13:35.780328 vs 2025-09-23 10:31:40.806733),2025-09-23T10:31:40.806733,2025-09-23T17:13:35.780328,2470,2100,370
docs/htm/L1/XI2500.HTM,docs/htm/L1/XI2500.htm,keep_lowercase,docs/htm/L1/XI2500.htm,docs/htm/L1/XI2500.HTM,lowercase newer (2025-09-23 17:13:35.780328 vs 2025-09-23 10:31:40.798976),2025-09-23T10:31:40.798976,2025-09-23T17:13:35.780328,2460,2131,329
docs/htm/L1/XI2657.HTM,docs/htm/L1/XI2657.htm,keep_lowercase,docs/htm/L1/XI2657.htm,docs/htm/L1/XI2657.HTM,lowercase newer (2025-09-23 17:13:35.784424 vs 2025-09-23 10:31:40.810611),2025-09-23T10:31:40.810611,2025-09-23T17:13:35.784424,2433,2063,370
docs/htm/L1/XI2546.HTM,docs/htm/L1/XI2546.htm,keep_lowercase,docs/htm/L1/XI2546.htm,docs/htm/L1/XI2546.HTM,lowercase newer (2025-09-23 17:13:35.780328 vs 2025-09-23 10:31:40.806733),2025-09-23T10:31:40.806733,2025-09-23T17:13:35.780328,2473,2103,370
docs/htm/L1/XF1692.HTM,docs/htm/L1/XF1692.htm,keep_lowercase,docs/htm/L1/XF1692.htm,docs/htm/L1/XF1692.HTM,lowercase newer (2025-09-23 17:13:35.722981 vs 2025-09-23 10:31:40.698145),2025-09-23T10:31:40.698145,2025-09-23T17:13:35.722981,3668,3503,165
docs/htm/L1/XI2623.HTM,docs/htm/L1/XI2623.htm,keep_lowercase,docs/htm/L1/XI2623.htm,docs/htm/L1/XI2623.HTM,lowercase newer (2025-09-23 17:13:35.784424 vs 2025-09-23 10:31:40.806733),2025-09-23T10:31:40.806733,2025-09-23T17:13:35.784424,2552,2305,247
docs/htm/L1/XI2625.HTM,docs/htm/L1/XI2625.htm,keep_lowercase,docs/htm/L1/XI2625.htm,docs/htm/L1/XI2625.HTM,lowercase newer (2025-09-23 17:13:35.784424 vs 2025-09-23 10:31:40.806733),2025-09-23T10:31:40.806733,2025-09-23T17:13:35.784424,2541,2212,329
docs/htm/L1/XF1693.HTM,docs/htm/L1/XF1693.htm,keep_lowercase,docs/htm/L1/XF1693.htm,docs/htm/L1/XF1693.HTM,lowercase newer (2025-09-23 17:13:35.722981 vs 2025-09-23 10:31:40.698145),2025-09-23T10:31:40.698145,2025-09-23T17:13:35.722981,3670,3505,165
docs/htm/L1/XI2701.HTM,docs/htm/L1/XI2701.htm,keep_lowercase,docs/htm/L1/XI2701.htm,docs/htm/L1/XI2701.HTM,lowercase newer (2025-09-23 17:13:35.788520 vs 2025-09-23 10:31:40.810611),2025-09-23T10:31:40.810611,2025-09-23T17:13:35.788520,2532,2203,329
docs/htm/L1/XI2527.HTM,docs/htm/L1/XI2527.htm,keep_lowercase,docs/htm/L1/XI2527.htm,docs/htm/L1/XI2527.HTM,lowercase newer (2025-09-23 17:13:35.780328 vs 2025-09-23 10:31:40.806733),2025-09-23T10:31:40.806733,2025-09-23T17:13:35.780328,2295,1925,370
docs/htm/L1/XF1694.HTM,docs/htm/L1/XF1694.htm,keep_lowercase,docs/htm/L1/XF1694.htm,docs/htm/L1/XF1694.HTM,lowercase newer (2025-09-23 17:13:35.722981 vs 2025-09-23 10:31:40.698145),2025-09-23T10:31:40.698145,2025-09-23T17:13:35.722981,3879,3755,124
docs/htm/L1/XI2533.HTM,docs/htm/L1/XI2533.htm,keep_lowercase,docs/htm/L1/XI2533.htm,docs/htm/L1/XI2533.HTM,lowercase newer (2025-09-23 17:13:35.780328 vs 2025-09-23 10:31:40.806733),2025-09-23T10:31:40.806733,2025-09-23T17:13:35.780328,2460,2090,370
docs/htm/L1/XI2594.HTM,docs/htm/L1/XI2594.htm,keep_lowercase,docs/htm/L1/XI2594.htm,docs/htm/L1/XI2594.HTM,lowercase newer (2025-09-23 17:13:35.784424 vs 2025-09-23 10:31:40.806733),2025-09-23T10:31:40.806733,2025-09-23T17:13:35.784424,2471,2101,370
docs/htm/L1/XI2599.HTM,docs/htm/L1/XI2599.htm,keep_lowercase,docs/htm/L1/XI2599.htm,docs/htm/L1/XI2599.HTM,lowercase newer (2025-09-23 17:13:35.784424 vs 2025-09-23 10:31:40.806733),2025-09-23T10:31:40.806733,2025-09-23T17:13:35.784424,2499,2170,329
docs/htm/L1/XI2702.HTM,docs/htm/L1/XI2702.htm,keep_lowercase,docs/htm/L1/XI2702.htm,docs/htm/L1/XI2702.HTM,lowercase newer (2025-09-23 17:13:35.788520 vs 2025-09-23 10:31:40.810611),2025-09-23T10:31:40.810611,2025-09-23T17:13:35.788520,2502,2173,329
docs/htm/L1/XF736.HTM,docs/htm/L1/XF736.htm,keep_lowercase,docs/htm/L1/XF736.htm,docs/htm/L1/XF736.HTM,lowercase newer (2025-09-23 17:13:35.727077 vs 2025-09-23 10:31:40.702023),2025-09-23T10:31:40.702023,2025-09-23T17:13:35.727077,4936,4812,124
docs/htm/L1/XI2543.HTM,docs/htm/L1/XI2543.htm,keep_lowercase,docs/htm/L1/XI2543.htm,docs/htm/L1/XI2543.HTM,lowercase newer (2025-09-23 17:13:35.780328 vs 2025-09-23 10:31:40.806733),2025-09-23T10:31:40.806733,2025-09-23T17:13:35.780328,2418,2048,370
docs/htm/L1/XI2635.HTM,docs/htm/L1/XI2635.htm,keep_lowercase,docs/htm/L1/XI2635.htm,docs/htm/L1/XI2635.HTM,lowercase newer (2025-09-23 17:13:35.784424 vs 2025-09-23 10:31:40.806733),2025-09-23T10:31:40.806733,2025-09-23T17:13:35.784424,2423,2053,370
docs/htm/L1/XI2501.HTM,docs/htm/L1/XI2501.htm,keep_lowercase,docs/htm/L1/XI2501.htm,docs/htm/L1/XI2501.HTM,lowercase newer (2025-09-23 17:13:35.780328 vs 2025-09-23 10:31:40.798976),2025-09-23T10:31:40.798976,2025-09-23T17:13:35.780328,2528,2199,329
docs/htm/L1/XI2655.HTM,docs/htm/L1/XI2655.htm,keep_lowercase,docs/htm/L1/XI2655.htm,docs/htm/L1/XI2655.HTM,lowercase newer (2025-09-23 17:13:35.784424 vs 2025-09-23 10:31:40.806733),2025-09-23T10:31:40.806733,2025-09-23T17:13:35.784424,2480,2151,329
docs/htm/L1/XI2504.HTM,docs/htm/L1/XI2504.htm,keep_lowercase,docs/htm/L1/XI2504.htm,docs/htm/L1/XI2504.HTM,lowercase newer (2025-09-23 17:13:35.780328 vs 2025-09-23 10:31:40.798976),2025-09-23T10:31:40.798976,2025-09-23T17:13:35.780328,2454,2084,370
docs/htm/L1/XI2484.HTM,docs/htm/L1/XI2484.htm,keep_lowercase,docs/htm/L1/XI2484.htm,docs/htm/L1/XI2484.HTM,lowercase newer (2025-09-23 17:13:35.780328 vs 2025-09-23 10:31:40.798976),2025-09-23T10:31:40.798976,2025-09-23T17:13:35.780328,2482,2112,370
docs/htm/L1/XI2687.HTM,docs/htm/L1/XI2687.htm,keep_lowercase,docs/htm/L1/XI2687.htm,docs/htm/L1/XI2687.HTM,lowercase newer (2025-09-23 17:13:35.788520 vs 2025-09-23 10:31:40.810611),2025-09-23T10:31:40.810611,2025-09-23T17:13:35.788520,2431,2061,370
docs/htm/L1/XI2490.HTM,docs/htm/L1/XI2490.htm,keep_lowercase,docs/htm/L1/XI2490.htm,docs/htm/L1/XI2490.HTM,lowercase newer (2025-09-23 17:13:35.780328 vs 2025-09-23 10:31:40.798976),2025-09-23T10:31:40.798976,2025-09-23T17:13:35.780328,2432,2062,370
docs/htm/L1/XI2608.HTM,docs/htm/L1/XI2608.htm,keep_lowercase,docs/htm/L1/XI2608.htm,docs/htm/L1/XI2608.HTM,lowercase newer (2025-09-23 17:13:35.784424 vs 2025-09-23 10:31:40.806733),2025-09-23T10:31:40.806733,2025-09-23T17:13:35.784424,2555,2226,329
docs/htm/L1/XF2987.HTM,docs/htm/L1/XF2987.htm,keep_lowercase,docs/htm/L1/XF2987.htm,docs/htm/L1/XF2987.HTM,lowercase newer (2025-09-23 17:13:35.727077 vs 2025-09-23 10:31:40.702023),2025-09-23T10:31:40.702023,2025-09-23T17:13:35.727077,4540,4375,165
docs/htm/L1/XI2495.HTM,docs/htm/L1/XI2495.htm,keep_lowercase,docs/htm/L1/XI2495.htm,docs/htm/L1/XI2495.HTM,lowercase newer (2025-09-23 17:13:35.780328 vs 2025-09-23 10:31:40.798976),2025-09-23T10:31:40.798976,2025-09-23T17:13:35.780328,2460,2090,370
docs/htm/L1/XI2513.HTM,docs/htm/L1/XI2513.htm,keep_lowercase,docs/htm/L1/XI2513.htm,docs/htm/L1/XI2513.HTM,lowercase newer (2025-09-23 17:13:35.780328 vs 2025-09-23 10:31:40.806733),2025-09-23T10:31:40.806733,2025-09-23T17:13:35.780328,2432,2062,370
docs/htm/L1/XI2610.HTM,docs/htm/L1/XI2610.htm,keep_lowercase,docs/htm/L1/XI2610.htm,docs/htm/L1/XI2610.HTM,lowercase newer (2025-09-23 17:13:35.784424 vs 2025-09-23 10:31:40.806733),2025-09-23T10:31:40.806733,2025-09-23T17:13:35.784424,2493,2164,329
docs/htm/L1/XI2572.HTM,docs/htm/L1/XI2572.htm,keep_lowercase,docs/htm/L1/XI2572.htm,docs/htm/L1/XI2572.HTM,lowercase newer (2025-09-23 17:13:35.784424 vs 2025-09-23 10:31:40.806733),2025-09-23T10:31:40.806733,2025-09-23T17:13:35.784424,2450,2080,370
docs/htm/L1/XI2473.HTM,docs/htm/L1/XI2473.htm,keep_lowercase,docs/htm/L1/XI2473.htm,docs/htm/L1/XI2473.HTM,lowercase newer (2025-09-23 17:13:35.780328 vs 2025-09-23 10:31:40.798976),2025-09-23T10:31:40.798976,2025-09-23T17:13:35.780328,2440,2070,370
docs/htm/L1/XF1696.HTM,docs/htm/L1/XF1696.htm,keep_lowercase,docs/htm/L1/XF1696.htm,docs/htm/L1/XF1696.HTM,lowercase newer (2025-09-23 17:13:35.722981 vs 2025-09-23 10:31:40.698145),2025-09-23T10:31:40.698145,2025-09-23T17:13:35.722981,3719,3554,165
docs/htm/L1/XI2618.HTM,docs/htm/L1/XI2618.htm,keep_lowercase,docs/htm/L1/XI2618.htm,docs/htm/L1/XI2618.HTM,lowercase newer (2025-09-23 17:13:35.784424 vs 2025-09-23 10:31:40.806733),2025-09-23T10:31:40.806733,2025-09-23T17:13:35.784424,2454,2084,370
docs/htm/L1/XI2549.HTM,docs/htm/L1/XI2549.htm,keep_lowercase,docs/htm/L1/XI2549.htm,docs/htm/L1/XI2549.HTM,lowercase newer (2025-09-23 17:13:35.780328 vs 2025-09-23 10:31:40.806733),2025-09-23T10:31:40.806733,2025-09-23T17:13:35.780328,2516,2187,329
docs/htm/L1/XI2583.HTM,docs/htm/L1/XI2583.htm,keep_lowercase,docs/htm/L1/XI2583.htm,docs/htm/L1/XI2583.HTM,lowercase newer (2025-09-23 17:13:35.784424 vs 2025-09-23 10:31:40.806733),2025-09-23T10:31:40.806733,2025-09-23T17:13:35.784424,2452,2082,370
docs/htm/L1/XI2555.HTM,docs/htm/L1/XI2555.htm,keep_lowercase,docs/htm/L1/XI2555.htm,docs/htm/L1/XI2555.HTM,lowercase newer (2025-09-23 17:13:35.780328 vs 2025-09-23 10:31:40.806733),2025-09-23T10:31:40.806733,2025-09-23T17:13:35.780328,2416,2046,370
docs/htm/L1/XI2680.HTM,docs/htm/L1/XI2680.htm,keep_lowercase,docs/htm/L1/XI2680.htm,docs/htm/L1/XI2680.HTM,lowercase newer (2025-09-23 17:13:35.788520 vs 2025-09-23 10:31:40.810611),2025-09-23T10:31:40.810611,2025-09-23T17:13:35.788520,2462,2092,370
docs/htm/L1/XI2519.HTM,docs/htm/L1/XI2519.htm,keep_lowercase,docs/htm/L1/XI2519.htm,docs/htm/L1/XI2519.HTM,lowercase newer (2025-09-23 17:13:35.780328 vs 2025-09-23 10:31:40.806733),2025-09-23T10:31:40.806733,2025-09-23T17:13:35.780328,2412,2042,370
docs/htm/L1/XF633.HTM,docs/htm/L1/XF633.htm,keep_lowercase,docs/htm/L1/XF633.htm,docs/htm/L1/XF633.HTM,lowercase newer (2025-09-23 17:13:35.727077 vs 2025-09-23 10:31:40.702023),2025-09-23T10:31:40.702023,2025-09-23T17:13:35.727077,4341,4217,124
docs/htm/L1/XI2540.HTM,docs/htm/L1/XI2540.htm,keep_lowercase,docs/htm/L1/XI2540.htm,docs/htm/L1/XI2540.HTM,lowercase newer (2025-09-23 17:13:35.780328 vs 2025-09-23 10:31:40.806733),2025-09-23T10:31:40.806733,2025-09-23T17:13:35.780328,2432,2062,370
docs/htm/L1/XI2570.HTM,docs/htm/L1/XI2570.htm,keep_lowercase,docs/htm/L1/XI2570.htm,docs/htm/L1/XI2570.HTM,lowercase newer (2025-09-23 17:13:35.784424 vs 2025-09-23 10:31:40.806733),2025-09-23T10:31:40.806733,2025-09-23T17:13:35.784424,2426,2056,370
docs/htm/L1/XI2529.HTM,docs/htm/L1/XI2529.htm,keep_lowercase,docs/htm/L1/XI2529.htm,docs/htm/L1/XI2529.HTM,lowercase newer (2025-09-23 17:13:35.780328 vs 2025-09-23 10:31:40.806733),2025-09-23T10:31:40.806733,2025-09-23T17:13:35.780328,2416,2046,370
docs/htm/L1/XI2542.HTM,docs/htm/L1/XI2542.htm,keep_lowercase,docs/htm/L1/XI2542.htm,docs/htm/L1/XI2542.HTM,lowercase newer (2025-09-23 17:13:35.780328 vs 2025-09-23 10:31:40.806733),2025-09-23T10:31:40.806733,2025-09-23T17:13:35.780328,2432,2062,370
docs/htm/L1/XF2990.HTM,docs/htm/L1/XF2990.htm,keep_lowercase,docs/htm/L1/XF2990.htm,docs/htm/L1/XF2990.HTM,lowercase newer (2025-09-23 17:13:35.727077 vs 2025-09-23 10:31:40.702023),2025-09-23T10:31:40.702023,2025-09-23T17:13:35.727077,3760,3554,206
docs/htm/L1/XI2634.HTM,docs/htm/L1/XI2634.htm,keep_lowercase,docs/htm/L1/XI2634.htm,docs/htm/L1/XI2634.HTM,lowercase newer (2025-09-23 17:13:35.784424 vs 2025-09-23 10:31:40.806733),2025-09-23T10:31:40.806733,2025-09-23T17:13:35.784424,2460,2090,370
docs/htm/L1/XI2669.HTM,docs/htm/L1/XI2669.htm,keep_lowercase,docs/htm/L1/XI2669.htm,docs/htm/L1/XI2669.HTM,lowercase newer (2025-09-23 17:13:35.788520 vs 2025-09-23 10:31:40.810611),2025-09-23T10:31:40.810611,2025-09-23T17:13:35.788520,2542,2213,329
docs/htm/L1/XI2472.HTM,docs/htm/L1/XI2472.htm,keep_lowercase,docs/htm/L1/XI2472.htm,docs/htm/L1/XI2472.HTM,lowercase newer (2025-09-23 17:13:35.780328 vs 2025-09-23 10:31:40.798976),2025-09-23T10:31:40.798976,2025-09-23T17:13:35.780328,2432,2062,370
docs/htm/L1/XI2676.HTM,docs/htm/L1/XI2676.htm,keep_lowercase,docs/htm/L1/XI2676.htm,docs/htm/L1/XI2676.HTM,lowercase newer (2025-09-23 17:13:35.788520 vs 2025-09-23 10:31:40.810611),2025-09-23T10:31:40.810611,2025-09-23T17:13:35.788520,2405,2035,370
docs/htm/L1/XI2566.HTM,docs/htm/L1/XI2566.htm,keep_lowercase,docs/htm/L1/XI2566.htm,docs/htm/L1/XI2566.HTM,lowercase newer (2025-09-23 17:13:35.780328 vs 2025-09-23 10:31:40.806733),2025-09-23T10:31:40.806733,2025-09-23T17:13:35.780328,2440,2070,370
docs/htm/L1/XI2600.HTM,docs/htm/L1/XI2600.htm,keep_lowercase,docs/htm/L1/XI2600.htm,docs/htm/L1/XI2600.HTM,lowercase newer (2025-09-23 17:13:35.784424 vs 2025-09-23 10:31:40.806733),2025-09-23T10:31:40.806733,2025-09-23T17:13:35.784424,2561,2232,329
docs/htm/L1/XI2508.HTM,docs/htm/L1/XI2508.htm,keep_lowercase,docs/htm/L1/XI2508.htm,docs/htm/L1/XI2508.HTM,lowercase newer (2025-09-23 17:13:35.780328 vs 2025-09-23 10:31:40.806733),2025-09-23T10:31:40.806733,2025-09-23T17:13:35.780328,2458,2088,370
docs/htm/L1/XI2532.HTM,docs/htm/L1/XI2532.htm,keep_lowercase,docs/htm/L1/XI2532.htm,docs/htm/L1/XI2532.HTM,lowercase newer (2025-09-23 17:13:35.780328 vs 2025-09-23 10:31:40.806733),2025-09-23T10:31:40.806733,2025-09-23T17:13:35.780328,2436,2066,370
docs/htm/L1/XI2587.HTM,docs/htm/L1/XI2587.htm,keep_lowercase,docs/htm/L1/XI2587.htm,docs/htm/L1/XI2587.HTM,lowercase newer (2025-09-23 17:13:35.784424 vs 2025-09-23 10:31:40.806733),2025-09-23T10:31:40.806733,2025-09-23T17:13:35.784424,2412,2042,370
docs/htm/L1/XI2509.HTM,docs/htm/L1/XI2509.htm,keep_lowercase,docs/htm/L1/XI2509.htm,docs/htm/L1/XI2509.HTM,lowercase newer (2025-09-23 17:13:35.780328 vs 2025-09-23 10:31:40.806733),2025-09-23T10:31:40.806733,2025-09-23T17:13:35.780328,2454,2084,370
docs/htm/L1/XI2647.HTM,docs/htm/L1/XI2647.htm,keep_lowercase,docs/htm/L1/XI2647.htm,docs/htm/L1/XI2647.HTM,lowercase newer (2025-09-23 17:13:35.784424 vs 2025-09-23 10:31:40.806733),2025-09-23T10:31:40.806733,2025-09-23T17:13:35.784424,2513,2143,370
docs/htm/L1/XI2597.HTM,docs/htm/L1/XI2597.htm,keep_lowercase,docs/htm/L1/XI2597.htm,docs/htm/L1/XI2597.HTM,lowercase newer (2025-09-23 17:13:35.784424 vs 2025-09-23 10:31:40.806733),2025-09-23T10:31:40.806733,2025-09-23T17:13:35.784424,2459,2089,370
docs/htm/L1/XI2607.HTM,docs/htm/L1/XI2607.htm,keep_lowercase,docs/htm/L1/XI2607.htm,docs/htm/L1/XI2607.HTM,lowercase newer (2025-09-23 17:13:35.784424 vs 2025-09-23 10:31:40.806733),2025-09-23T10:31:40.806733,2025-09-23T17:13:35.784424,2531,2243,288
docs/htm/L1/XI2499.HTM,docs/htm/L1/XI2499.htm,keep_lowercase,docs/htm/L1/XI2499.htm,docs/htm/L1/XI2499.HTM,lowercase newer (2025-09-23 17:13:35.780328 vs 2025-09-23 10:31:40.798976),2025-09-23T10:31:40.798976,2025-09-23T17:13:35.780328,2459,2130,329
docs/htm/L1/XI2670.HTM,docs/htm/L1/XI2670.htm,keep_lowercase,docs/htm/L1/XI2670.htm,docs/htm/L1/XI2670.HTM,lowercase newer (2025-09-23 17:13:35.788520 vs 2025-09-23 10:31:40.810611),2025-09-23T10:31:40.810611,2025-09-23T17:13:35.788520,2500,2171,329
docs/htm/L1/XI2650.HTM,docs/htm/L1/XI2650.htm,keep_lowercase,docs/htm/L1/XI2650.htm,docs/htm/L1/XI2650.HTM,lowercase newer (2025-09-23 17:13:35.784424 vs 2025-09-23 10:31:40.806733),2025-09-23T10:31:40.806733,2025-09-23T17:13:35.784424,2481,2193,288
docs/htm/L1/XI2632.HTM,docs/htm/L1/XI2632.htm,keep_lowercase,docs/htm/L1/XI2632.htm,docs/htm/L1/XI2632.HTM,lowercase newer (2025-09-23 17:13:35.784424 vs 2025-09-23 10:31:40.806733),2025-09-23T10:31:40.806733,2025-09-23T17:13:35.784424,2428,2058,370
docs/htm/L1/XI2616.HTM,docs/htm/L1/XI2616.htm,keep_lowercase,docs/htm/L1/XI2616.htm,docs/htm/L1/XI2616.HTM,lowercase newer (2025-09-23 17:13:35.784424 vs 2025-09-23 10:31:40.806733),2025-09-23T10:31:40.806733,2025-09-23T17:13:35.784424,2435,2065,370
docs/htm/L1/XI2497.HTM,docs/htm/L1/XI2497.htm,keep_lowercase,docs/htm/L1/XI2497.htm,docs/htm/L1/XI2497.HTM,lowercase newer (2025-09-23 17:13:35.780328 vs 2025-09-23 10:31:40.798976),2025-09-23T10:31:40.798976,2025-09-23T17:13:35.780328,2490,2161,329
docs/htm/L1/XI2637.HTM,docs/htm/L1/XI2637.htm,keep_lowercase,docs/htm/L1/XI2637.htm,docs/htm/L1/XI2637.HTM,lowercase newer (2025-09-23 17:13:35.784424 vs 2025-09-23 10:31:40.806733),2025-09-23T10:31:40.806733,2025-09-23T17:13:35.784424,2505,2135,370
docs/htm/L1/XI2521.HTM,docs/htm/L1/XI2521.htm,keep_lowercase,docs/htm/L1/XI2521.htm,docs/htm/L1/XI2521.HTM,lowercase newer (2025-09-23 17:13:35.780328 vs 2025-09-23 10:31:40.806733),2025-09-23T10:31:40.806733,2025-09-23T17:13:35.780328,2434,2064,370
docs/htm/L1/XI2514.HTM,docs/htm/L1/XI2514.htm,keep_lowercase,docs/htm/L1/XI2514.htm,docs/htm/L1/XI2514.HTM,lowercase newer (2025-09-23 17:13:35.780328 vs 2025-09-23 10:31:40.806733),2025-09-23T10:31:40.806733,2025-09-23T17:13:35.780328,2410,2040,370
docs/htm/L1/XI2485.HTM,docs/htm/L1/XI2485.htm,keep_lowercase,docs/htm/L1/XI2485.htm,docs/htm/L1/XI2485.HTM,lowercase newer (2025-09-23 17:13:35.780328 vs 2025-09-23 10:31:40.798976),2025-09-23T10:31:40.798976,2025-09-23T17:13:35.780328,2440,2070,370
docs/htm/L1/XI2537.HTM,docs/htm/L1/XI2537.htm,keep_lowercase,docs/htm/L1/XI2537.htm,docs/htm/L1/XI2537.HTM,lowercase newer (2025-09-23 17:13:35.780328 vs 2025-09-23 10:31:40.806733),2025-09-23T10:31:40.806733,2025-09-23T17:13:35.780328,2414,2044,370
docs/htm/L1/XI2609.HTM,docs/htm/L1/XI2609.htm,keep_lowercase,docs/htm/L1/XI2609.htm,docs/htm/L1/XI2609.HTM,lowercase newer (2025-09-23 17:13:35.784424 vs 2025-09-23 10:31:40.806733),2025-09-23T10:31:40.806733,2025-09-23T17:13:35.784424,2483,2154,329
docs/htm/L1/XI2547.HTM,docs/htm/L1/XI2547.htm,keep_lowercase,docs/htm/L1/XI2547.htm,docs/htm/L1/XI2547.HTM,lowercase newer (2025-09-23 17:13:35.780328 vs 2025-09-23 10:31:40.806733),2025-09-23T10:31:40.806733,2025-09-23T17:13:35.780328,2500,2130,370
docs/htm/L1/XI2469.HTM,docs/htm/L1/XI2469.htm,keep_lowercase,docs/htm/L1/XI2469.htm,docs/htm/L1/XI2469.HTM,lowercase newer (2025-09-23 17:13:35.780328 vs 2025-09-23 10:31:40.798976),2025-09-23T10:31:40.798976,2025-09-23T17:13:35.780328,2410,2040,370
docs/htm/L1/XI2698.HTM,docs/htm/L1/XI2698.htm,keep_lowercase,docs/htm/L1/XI2698.htm,docs/htm/L1/XI2698.HTM,lowercase newer (2025-09-23 17:13:35.788520 vs 2025-09-23 10:31:40.810611),2025-09-23T10:31:40.810611,2025-09-23T17:13:35.788520,2488,2118,370
docs/htm/L1/XI2672.HTM,docs/htm/L1/XI2672.htm,keep_lowercase,docs/htm/L1/XI2672.htm,docs/htm/L1/XI2672.HTM,lowercase newer (2025-09-23 17:13:35.788520 vs 2025-09-23 10:31:40.810611),2025-09-23T10:31:40.810611,2025-09-23T17:13:35.788520,2455,2126,329
docs/htm/L1/XI2489.HTM,docs/htm/L1/XI2489.htm,keep_lowercase,docs/htm/L1/XI2489.htm,docs/htm/L1/XI2489.HTM,lowercase newer (2025-09-23 17:13:35.780328 vs 2025-09-23 10:31:40.798976),2025-09-23T10:31:40.798976,2025-09-23T17:13:35.780328,2428,2058,370
docs/htm/L1/XI2660.HTM,docs/htm/L1/XI2660.htm,keep_lowercase,docs/htm/L1/XI2660.htm,docs/htm/L1/XI2660.HTM,lowercase newer (2025-09-23 17:13:35.784424 vs 2025-09-23 10:31:40.810611),2025-09-23T10:31:40.810611,2025-09-23T17:13:35.784424,2439,2069,370
docs/htm/L1/XI2595.HTM,docs/htm/L1/XI2595.htm,keep_lowercase,docs/htm/L1/XI2595.htm,docs/htm/L1/XI2595.HTM,lowercase newer (2025-09-23 17:13:35.784424 vs 2025-09-23 10:31:40.806733),2025-09-23T10:31:40.806733,2025-09-23T17:13:35.784424,2635,2388,247
docs/htm/L1/XI2548.HTM,docs/htm/L1/XI2548.htm,keep_lowercase,docs/htm/L1/XI2548.htm,docs/htm/L1/XI2548.HTM,lowercase newer (2025-09-23 17:13:35.780328 vs 2025-09-23 10:31:40.806733),2025-09-23T10:31:40.806733,2025-09-23T17:13:35.780328,2552,2223,329
docs/htm/L1/XI2621.HTM,docs/htm/L1/XI2621.htm,keep_lowercase,docs/htm/L1/XI2621.htm,docs/htm/L1/XI2621.HTM,lowercase newer (2025-09-23 17:13:35.784424 vs 2025-09-23 10:31:40.806733),2025-09-23T10:31:40.806733,2025-09-23T17:13:35.784424,2458,2129,329
docs/htm/L1/XI2476.HTM,docs/htm/L1/XI2476.htm,keep_lowercase,docs/htm/L1/XI2476.htm,docs/htm/L1/XI2476.HTM,lowercase newer (2025-09-23 17:13:35.780328 vs 2025-09-23 10:31:40.798976),2025-09-23T10:31:40.798976,2025-09-23T17:13:35.780328,2432,2062,370
docs/htm/L1/XI2661.HTM,docs/htm/L1/XI2661.htm,keep_lowercase,docs/htm/L1/XI2661.htm,docs/htm/L1/XI2661.HTM,lowercase newer (2025-09-23 17:13:35.784424 vs 2025-09-23 10:31:40.810611),2025-09-23T10:31:40.810611,2025-09-23T17:13:35.784424,2425,2055,370
docs/htm/L1/XF1697.HTM,docs/htm/L1/XF1697.htm,keep_lowercase,docs/htm/L1/XF1697.htm,docs/htm/L1/XF1697.HTM,lowercase newer (2025-09-23 17:13:35.722981 vs 2025-09-23 10:31:40.698145),2025-09-23T10:31:40.698145,2025-09-23T17:13:35.722981,3963,3839,124
docs/htm/L1/XI2556.HTM,docs/htm/L1/XI2556.htm,keep_lowercase,docs/htm/L1/XI2556.htm,docs/htm/L1/XI2556.HTM,lowercase newer (2025-09-23 17:13:35.780328 vs 2025-09-23 10:31:40.806733),2025-09-23T10:31:40.806733,2025-09-23T17:13:35.780328,2436,2066,370
docs/htm/L1/XI2651.HTM,docs/htm/L1/XI2651.htm,keep_lowercase,docs/htm/L1/XI2651.htm,docs/htm/L1/XI2651.HTM,lowercase newer (2025-09-23 17:13:35.784424 vs 2025-09-23 10:31:40.806733),2025-09-23T10:31:40.806733,2025-09-23T17:13:35.784424,2477,2148,329
docs/htm/L1/XI2523.HTM,docs/htm/L1/XI2523.htm,keep_lowercase,docs/htm/L1/XI2523.htm,docs/htm/L1/XI2523.HTM,lowercase newer (2025-09-23 17:13:35.780328 vs 2025-09-23 10:31:40.806733),2025-09-23T10:31:40.806733,2025-09-23T17:13:35.780328,2430,2060,370
docs/htm/L1/XI2720.HTM,docs/htm/L1/XI2720.htm,keep_lowercase,docs/htm/L1/XI2720.htm,docs/htm/L1/XI2720.HTM,lowercase newer (2025-09-23 17:13:35.788520 vs 2025-09-23 10:31:40.810611),2025-09-23T10:31:40.810611,2025-09-23T17:13:35.788520,2435,2065,370
docs/htm/L1/XI2525.HTM,docs/htm/L1/XI2525.htm,keep_lowercase,docs/htm/L1/XI2525.htm,docs/htm/L1/XI2525.HTM,lowercase newer (2025-09-23 17:13:35.780328 vs 2025-09-23 10:31:40.806733),2025-09-23T10:31:40.806733,2025-09-23T17:13:35.780328,2452,2082,370
docs/htm/L1/XI2646.HTM,docs/htm/L1/XI2646.htm,keep_lowercase,docs/htm/L1/XI2646.htm,docs/htm/L1/XI2646.HTM,lowercase newer (2025-09-23 17:13:35.784424 vs 2025-09-23 10:31:40.806733),2025-09-23T10:31:40.806733,2025-09-23T17:13:35.784424,2535,2206,329
docs/htm/L1/XI2574.HTM,docs/htm/L1/XI2574.htm,keep_lowercase,docs/htm/L1/XI2574.htm,docs/htm/L1/XI2574.HTM,lowercase newer (2025-09-23 17:13:35.784424 vs 2025-09-23 10:31:40.806733),2025-09-23T10:31:40.806733,2025-09-23T17:13:35.784424,2444,2074,370
docs/htm/L1/XI2578.HTM,docs/htm/L1/XI2578.htm,keep_lowercase,docs/htm/L1/XI2578.htm,docs/htm/L1/XI2578.HTM,lowercase newer (2025-09-23 17:13:35.784424 vs 2025-09-23 10:31:40.806733),2025-09-23T10:31:40.806733,2025-09-23T17:13:35.784424,2410,2040,370
docs/htm/L1/XI2534.HTM,docs/htm/L1/XI2534.htm,keep_lowercase,docs/htm/L1/XI2534.htm,docs/htm/L1/XI2534.HTM,lowercase newer (2025-09-23 17:13:35.780328 vs 2025-09-23 10:31:40.806733),2025-09-23T10:31:40.806733,2025-09-23T17:13:35.780328,2454,2084,370
docs/htm/L1/XI2571.HTM,docs/htm/L1/XI2571.htm,keep_lowercase,docs/htm/L1/XI2571.htm,docs/htm/L1/XI2571.HTM,lowercase newer (2025-09-23 17:13:35.784424 vs 2025-09-23 10:31:40.806733),2025-09-23T10:31:40.806733,2025-09-23T17:13:35.784424,2414,2044,370
docs/htm/L1/XI2717.HTM,docs/htm/L1/XI2717.htm,keep_lowercase,docs/htm/L1/XI2717.htm,docs/htm/L1/XI2717.HTM,lowercase newer (2025-09-23 17:13:35.788520 vs 2025-09-23 10:31:40.810611),2025-09-23T10:31:40.810611,2025-09-23T17:13:35.788520,2475,2146,329
docs/htm/L1/XI2604.HTM,docs/htm/L1/XI2604.htm,keep_lowercase,docs/htm/L1/XI2604.htm,docs/htm/L1/XI2604.HTM,lowercase newer (2025-09-23 17:13:35.784424 vs 2025-09-23 10:31:40.806733),2025-09-23T10:31:40.806733,2025-09-23T17:13:35.784424,2450,2080,370
docs/htm/L1/XI2603.HTM,docs/htm/L1/XI2603.htm,keep_lowercase,docs/htm/L1/XI2603.htm,docs/htm/L1/XI2603.HTM,lowercase newer (2025-09-23 17:13:35.784424 vs 2025-09-23 10:31:40.806733),2025-09-23T10:31:40.806733,2025-09-23T17:13:35.784424,2423,2053,370
docs/htm/L1/XI2615.HTM,docs/htm/L1/XI2615.htm,keep_lowercase,docs/htm/L1/XI2615.htm,docs/htm/L1/XI2615.HTM,lowercase newer (2025-09-23 17:13:35.784424 vs 2025-09-23 10:31:40.806733),2025-09-23T10:31:40.806733,2025-09-23T17:13:35.784424,2449,2079,370
docs/htm/L1/XF574.HTM,docs/htm/L1/XF574.htm,keep_lowercase,docs/htm/L1/XF574.htm,docs/htm/L1/XF574.HTM,lowercase newer (2025-09-23 17:13:35.727077 vs 2025-09-23 10:31:40.702023),2025-09-23T10:31:40.702023,2025-09-23T17:13:35.727077,4525,4319,206
docs/htm/L1/XI2683.HTM,docs/htm/L1/XI2683.htm,keep_lowercase,docs/htm/L1/XI2683.htm,docs/htm/L1/XI2683.HTM,lowercase newer (2025-09-23 17:13:35.788520 vs 2025-09-23 10:31:40.810611),2025-09-23T10:31:40.810611,2025-09-23T17:13:35.788520,2404,2034,370
docs/htm/L1/XI2511.HTM,docs/htm/L1/XI2511.htm,keep_lowercase,docs/htm/L1/XI2511.htm,docs/htm/L1/XI2511.HTM,lowercase newer (2025-09-23 17:13:35.780328 vs 2025-09-23 10:31:40.806733),2025-09-23T10:31:40.806733,2025-09-23T17:13:35.780328,2476,2106,370
docs/htm/L1/XI2642.HTM,docs/htm/L1/XI2642.htm,keep_lowercase,docs/htm/L1/XI2642.htm,docs/htm/L1/XI2642.HTM,lowercase newer (2025-09-23 17:13:35.784424 vs 2025-09-23 10:31:40.806733),2025-09-23T10:31:40.806733,2025-09-23T17:13:35.784424,2458,2129,329
docs/htm/L1/XI2483.HTM,docs/htm/L1/XI2483.htm,keep_lowercase,docs/htm/L1/XI2483.htm,docs/htm/L1/XI2483.HTM,lowercase newer (2025-09-23 17:13:35.780328 vs 2025-09-23 10:31:40.798976),2025-09-23T10:31:40.798976,2025-09-23T17:13:35.780328,2446,2076,370
docs/htm/L1/XI2631.HTM,docs/htm/L1/XI2631.htm,keep_lowercase,docs/htm/L1/XI2631.htm,docs/htm/L1/XI2631.HTM,lowercase newer (2025-09-23 17:13:35.784424 vs 2025-09-23 10:31:40.806733),2025-09-23T10:31:40.806733,2025-09-23T17:13:35.784424,2473,2144,329
docs/htm/L1/XI2557.HTM,docs/htm/L1/XI2557.htm,keep_lowercase,docs/htm/L1/XI2557.htm,docs/htm/L1/XI2557.HTM,lowercase newer (2025-09-23 17:13:35.780328 vs 2025-09-23 10:31:40.806733),2025-09-23T10:31:40.806733,2025-09-23T17:13:35.780328,2430,2060,370
docs/htm/L1/XI2641.HTM,docs/htm/L1/XI2641.htm,keep_lowercase,docs/htm/L1/XI2641.htm,docs/htm/L1/XI2641.HTM,lowercase newer (2025-09-23 17:13:35.784424 vs 2025-09-23 10:31:40.806733),2025-09-23T10:31:40.806733,2025-09-23T17:13:35.784424,2509,2221,288
docs/htm/L1/XI2709.HTM,docs/htm/L1/XI2709.htm,keep_lowercase,docs/htm/L1/XI2709.htm,docs/htm/L1/XI2709.HTM,lowercase newer (2025-09-23 17:13:35.788520 vs 2025-09-23 10:31:40.810611),2025-09-23T10:31:40.810611,2025-09-23T17:13:35.788520,2550,2262,288
docs/htm/L1/XI2582.HTM,docs/htm/L1/XI2582.htm,keep_lowercase,docs/htm/L1/XI2582.htm,docs/htm/L1/XI2582.HTM,lowercase newer (2025-09-23 17:13:35.784424 vs 2025-09-23 10:31:40.806733),2025-09-23T10:31:40.806733,2025-09-23T17:13:35.784424,2428,2058,370
docs/htm/L1/XI2569.HTM,docs/htm/L1/XI2569.htm,keep_lowercase,docs/htm/L1/XI2569.htm,docs/htm/L1/XI2569.HTM,lowercase newer (2025-09-23 17:13:35.784424 vs 2025-09-23 10:31:40.806733),2025-09-23T10:31:40.806733,2025-09-23T17:13:35.784424,2412,2042,370
docs/htm/L1/XI2705.HTM,docs/htm/L1/XI2705.htm,keep_lowercase,docs/htm/L1/XI2705.htm,docs/htm/L1/XI2705.HTM,lowercase newer (2025-09-23 17:13:35.788520 vs 2025-09-23 10:31:40.810611),2025-09-23T10:31:40.810611,2025-09-23T17:13:35.788520,2476,2147,329
docs/htm/L1/XI2685.HTM,docs/htm/L1/XI2685.htm,keep_lowercase,docs/htm/L1/XI2685.htm,docs/htm/L1/XI2685.HTM,lowercase newer (2025-09-23 17:13:35.788520 vs 2025-09-23 10:31:40.810611),2025-09-23T10:31:40.810611,2025-09-23T17:13:35.788520,2533,2163,370
docs/htm/L1/XI2691.HTM,docs/htm/L1/XI2691.htm,keep_lowercase,docs/htm/L1/XI2691.htm,docs/htm/L1/XI2691.HTM,lowercase newer (2025-09-23 17:13:35.788520 vs 2025-09-23 10:31:40.810611),2025-09-23T10:31:40.810611,2025-09-23T17:13:35.788520,2472,2102,370
docs/htm/L1/XI2467.HTM,docs/htm/L1/XI2467.htm,keep_lowercase,docs/htm/L1/XI2467.htm,docs/htm/L1/XI2467.HTM,lowercase newer (2025-09-23 17:13:35.780328 vs 2025-09-23 10:31:40.798976),2025-09-23T10:31:40.798976,2025-09-23T17:13:35.780328,2501,2172,329
docs/htm/L1/XI2545.HTM,docs/htm/L1/XI2545.htm,keep_lowercase,docs/htm/L1/XI2545.htm,docs/htm/L1/XI2545.HTM,lowercase newer (2025-09-23 17:13:35.780328 vs 2025-09-23 10:31:40.806733),2025-09-23T10:31:40.806733,2025-09-23T17:13:35.780328,2483,2113,370
docs/htm/L1/XI2591.HTM,docs/htm/L1/XI2591.htm,keep_lowercase,docs/htm/L1/XI2591.htm,docs/htm/L1/XI2591.HTM,lowercase newer (2025-09-23 17:13:35.784424 vs 2025-09-23 10:31:40.806733),2025-09-23T10:31:40.806733,2025-09-23T17:13:35.784424,2547,2259,288
docs/htm/L1/XI2507.HTM,docs/htm/L1/XI2507.htm,keep_lowercase,docs/htm/L1/XI2507.htm,docs/htm/L1/XI2507.HTM,lowercase newer (2025-09-23 17:13:35.780328 vs 2025-09-23 10:31:40.806733),2025-09-23T10:31:40.806733,2025-09-23T17:13:35.780328,2458,2088,370
docs/htm/L1/XI2531.HTM,docs/htm/L1/XI2531.htm,keep_lowercase,docs/htm/L1/XI2531.htm,docs/htm/L1/XI2531.HTM,lowercase newer (2025-09-23 17:13:35.780328 vs 2025-09-23 10:31:40.806733),2025-09-23T10:31:40.806733,2025-09-23T17:13:35.780328,2414,2044,370
docs/htm/L1/XI2664.HTM,docs/htm/L1/XI2664.htm,keep_lowercase,docs/htm/L1/XI2664.htm,docs/htm/L1/XI2664.HTM,lowercase newer (2025-09-23 17:13:35.784424 vs 2025-09-23 10:31:40.810611),2025-09-23T10:31:40.810611,2025-09-23T17:13:35.784424,2481,2152,329
docs/htm/L1/XI2516.HTM,docs/htm/L1/XI2516.htm,keep_lowercase,docs/htm/L1/XI2516.htm,docs/htm/L1/XI2516.HTM,lowercase newer (2025-09-23 17:13:35.780328 vs 2025-09-23 10:31:40.806733),2025-09-23T10:31:40.806733,2025-09-23T17:13:35.780328,2434,2064,370
docs/htm/L1/XI2568.HTM,docs/htm/L1/XI2568.htm,keep_lowercase,docs/htm/L1/XI2568.htm,docs/htm/L1/XI2568.HTM,lowercase newer (2025-09-23 17:13:35.784424 vs 2025-09-23 10:31:40.806733),2025-09-23T10:31:40.806733,2025-09-23T17:13:35.784424,2440,2070,370
docs/htm/L1/XI2588.HTM,docs/htm/L1/XI2588.htm,keep_lowercase,docs/htm/L1/XI2588.htm,docs/htm/L1/XI2588.HTM,lowercase newer (2025-09-23 17:13:35.784424 vs 2025-09-23 10:31:40.806733),2025-09-23T10:31:40.806733,2025-09-23T17:13:35.784424,2440,2070,370
docs/htm/L1/XF1779.HTM,docs/htm/L1/XF1779.htm,keep_lowercase,docs/htm/L1/XF1779.htm,docs/htm/L1/XF1779.HTM,lowercase newer (2025-09-23 17:13:35.722981 vs 2025-09-23 10:31:40.698145),2025-09-23T10:31:40.698145,2025-09-23T17:13:35.722981,3851,3727,124
docs/htm/L1/XI2677.HTM,docs/htm/L1/XI2677.htm,keep_lowercase,docs/htm/L1/XI2677.htm,docs/htm/L1/XI2677.HTM,lowercase newer (2025-09-23 17:13:35.788520 vs 2025-09-23 10:31:40.810611),2025-09-23T10:31:40.810611,2025-09-23T17:13:35.788520,2473,2103,370
docs/htm/L1/XI2686.HTM,docs/htm/L1/XI2686.htm,keep_lowercase,docs/htm/L1/XI2686.htm,docs/htm/L1/XI2686.HTM,lowercase newer (2025-09-23 17:13:35.788520 vs 2025-09-23 10:31:40.810611),2025-09-23T10:31:40.810611,2025-09-23T17:13:35.788520,2429,2059,370
docs/htm/L1/XI2656.HTM,docs/htm/L1/XI2656.htm,keep_lowercase,docs/htm/L1/XI2656.htm,docs/htm/L1/XI2656.HTM,lowercase newer (2025-09-23 17:13:35.784424 vs 2025-09-23 10:31:40.806733),2025-09-23T10:31:40.806733,2025-09-23T17:13:35.784424,2536,2248,288
docs/htm/L1/XI2496.HTM,docs/htm/L1/XI2496.htm,keep_lowercase,docs/htm/L1/XI2496.htm,docs/htm/L1/XI2496.HTM,lowercase newer (2025-09-23 17:13:35.780328 vs 2025-09-23 10:31:40.798976),2025-09-23T10:31:40.798976,2025-09-23T17:13:35.780328,2470,2100,370
docs/htm/L1/XF75.HTM,docs/htm/L1/XF75.htm,keep_lowercase,docs/htm/L1/XF75.htm,docs/htm/L1/XF75.HTM,lowercase newer (2025-09-23 17:13:35.731174 vs 2025-09-23 10:31:40.702023),2025-09-23T10:31:40.702023,2025-09-23T17:13:35.731174,4090,3884,206
docs/htm/L1/XI2560.HTM,docs/htm/L1/XI2560.htm,keep_lowercase,docs/htm/L1/XI2560.htm,docs/htm/L1/XI2560.HTM,lowercase newer (2025-09-23 17:13:35.780328 vs 2025-09-23 10:31:40.806733),2025-09-23T10:31:40.806733,2025-09-23T17:13:35.780328,2416,2046,370
docs/htm/L1/XI2573.HTM,docs/htm/L1/XI2573.htm,keep_lowercase,docs/htm/L1/XI2573.htm,docs/htm/L1/XI2573.HTM,lowercase newer (2025-09-23 17:13:35.784424 vs 2025-09-23 10:31:40.806733),2025-09-23T10:31:40.806733,2025-09-23T17:13:35.784424,2424,2054,370
docs/htm/L1/XI2593.HTM,docs/htm/L1/XI2593.htm,keep_lowercase,docs/htm/L1/XI2593.htm,docs/htm/L1/XI2593.HTM,lowercase newer (2025-09-23 17:13:35.784424 vs 2025-09-23 10:31:40.806733),2025-09-23T10:31:40.806733,2025-09-23T17:13:35.784424,2479,2109,370
docs/htm/L1/XI2581.HTM,docs/htm/L1/XI2581.htm,keep_lowercase,docs/htm/L1/XI2581.htm,docs/htm/L1/XI2581.HTM,lowercase newer (2025-09-23 17:13:35.784424 vs 2025-09-23 10:31:40.806733),2025-09-23T10:31:40.806733,2025-09-23T17:13:35.784424,2444,2074,370
docs/htm/L1/XI2693.HTM,docs/htm/L1/XI2693.htm,keep_lowercase,docs/htm/L1/XI2693.htm,docs/htm/L1/XI2693.HTM,lowercase newer (2025-09-23 17:13:35.788520 vs 2025-09-23 10:31:40.810611),2025-09-23T10:31:40.810611,2025-09-23T17:13:35.788520,2496,2126,370
docs/htm/L1/XI2498.HTM,docs/htm/L1/XI2498.htm,keep_lowercase,docs/htm/L1/XI2498.htm,docs/htm/L1/XI2498.HTM,lowercase newer (2025-09-23 17:13:35.780328 vs 2025-09-23 10:31:40.798976),2025-09-23T10:31:40.798976,2025-09-23T17:13:35.780328,2608,2279,329
docs/htm/L1/XI2689.HTM,docs/htm/L1/XI2689.htm,keep_lowercase,docs/htm/L1/XI2689.htm,docs/htm/L1/XI2689.HTM,lowercase newer (2025-09-23 17:13:35.788520 vs 2025-09-23 10:31:40.810611),2025-09-23T10:31:40.810611,2025-09-23T17:13:35.788520,2514,2185,329
docs/htm/L1/XI2712.HTM,docs/htm/L1/XI2712.htm,keep_lowercase,docs/htm/L1/XI2712.htm,docs/htm/L1/XI2712.HTM,lowercase newer (2025-09-23 17:13:35.788520 vs 2025-09-23 10:31:40.810611),2025-09-23T10:31:40.810611,2025-09-23T17:13:35.788520,2541,2212,329
docs/htm/L1/XI2704.HTM,docs/htm/L1/XI2704.htm,keep_lowercase,docs/htm/L1/XI2704.htm,docs/htm/L1/XI2704.HTM,lowercase newer (2025-09-23 17:13:35.788520 vs 2025-09-23 10:31:40.810611),2025-09-23T10:31:40.810611,2025-09-23T17:13:35.788520,2572,2243,329
docs/htm/L1/XI2605.HTM,docs/htm/L1/XI2605.htm,keep_lowercase,docs/htm/L1/XI2605.htm,docs/htm/L1/XI2605.HTM,lowercase newer (2025-09-23 17:13:35.784424 vs 2025-09-23 10:31:40.806733),2025-09-23T10:31:40.806733,2025-09-23T17:13:35.784424,2430,2060,370
docs/htm/L0/XF2991.HTM,docs/htm/L0/XF2991.htm,keep_lowercase,docs/htm/L0/XF2991.htm,docs/htm/L0/XF2991.HTM,lowercase newer (2025-09-23 17:13:35.677923 vs 2025-09-23 10:31:40.515872),2025-09-23T10:31:40.515872,2025-09-23T17:13:35.677923,3750,3544,206
docs/htm/L7/XF2982.HTM,docs/htm/L7/XF2982.htm,keep_lowercase,docs/htm/L7/XF2982.htm,docs/htm/L7/XF2982.HTM,lowercase newer (2025-09-23 17:13:35.927790 vs 2025-09-23 10:31:40.946346),2025-09-23T10:31:40.946346,2025-09-23T17:13:35.927790,3618,3494,124
docs/htm/L7/XF2986.HTM,docs/htm/L7/XF2986.htm,keep_lowercase,docs/htm/L7/XF2986.htm,docs/htm/L7/XF2986.HTM,lowercase newer (2025-09-23 17:13:35.927790 vs 2025-09-23 10:31:40.946346),2025-09-23T10:31:40.946346,2025-09-23T17:13:35.927790,3585,3379,206
docs/htm/L7/XF2983.HTM,docs/htm/L7/XF2983.htm,keep_lowercase,docs/htm/L7/XF2983.htm,docs/htm/L7/XF2983.HTM,lowercase newer (2025-09-23 17:13:35.927790 vs 2025-09-23 10:31:40.946346),2025-09-23T10:31:40.946346,2025-09-23T17:13:35.927790,3555,3349,206
docs/htm/L7/XF2985.HTM,docs/htm/L7/XF2985.htm,keep_lowercase,docs/htm/L7/XF2985.htm,docs/htm/L7/XF2985.HTM,lowercase newer (2025-09-23 17:13:35.927790 vs 2025-09-23 10:31:40.946346),2025-09-23T10:31:40.946346,2025-09-23T17:13:35.927790,3579,3373,206
docs/htm/L7/XF2984.HTM,docs/htm/L7/XF2984.htm,keep_lowercase,docs/htm/L7/XF2984.htm,docs/htm/L7/XF2984.HTM,lowercase newer (2025-09-23 17:13:35.927790 vs 2025-09-23 10:31:40.946346),2025-09-23T10:31:40.946346,2025-09-23T17:13:35.927790,3622,3498,124
docs/htm/L7/XF2979.HTM,docs/htm/L7/XF2979.htm,keep_lowercase,docs/htm/L7/XF2979.htm,docs/htm/L7/XF2979.HTM,lowercase newer (2025-09-23 17:13:35.927790 vs 2025-09-23 10:31:40.946346),2025-09-23T10:31:40.946346,2025-09-23T17:13:35.927790,3894,3729,165
docs/htm/L7/XF2980.HTM,docs/htm/L7/XF2980.htm,keep_lowercase,docs/htm/L7/XF2980.htm,docs/htm/L7/XF2980.HTM,lowercase newer (2025-09-23 17:13:35.927790 vs 2025-09-23 10:31:40.946346),2025-09-23T10:31:40.946346,2025-09-23T17:13:35.927790,3882,3676,206
docs/htm/L7/XF2981.HTM,docs/htm/L7/XF2981.htm,keep_lowercase,docs/htm/L7/XF2981.htm,docs/htm/L7/XF2981.HTM,lowercase newer (2025-09-23 17:13:35.927790 vs 2025-09-23 10:31:40.946346),2025-09-23T10:31:40.946346,2025-09-23T17:13:35.927790,3563,3357,206
